_fivetran_id,amazon_order_id,financial_event_group_id,seller_order_id,marketplace_name,posted_date,_fivetran_synced
odSvDRRSkZu+KwOLnY+zsPMmM40=,111-4459314-5849850,H8xzpM4h-irvmZ7B5lJFP05yl4Dmd7E_0vh5ZP2wz_Y,111-4459314-5849850,Amazon.com,2022-12-23 22:58:25+00:00,2023-05-10 17:42:36.073000+00:00
zG/FVikMhq24lbL6LA/iaWz9onY=,113-4231403-0505033,FyuKuJTHqglknpS0UEsPmRky1AfUH57vVB3nVfSr-rs,113-4231403-0505033,Amazon.com,2023-03-01 05:12:05+00:00,2023-05-10 17:50:55.598000+00:00
/HJeXbjzP4S1soTN14q344yyf8g=,111-1193085-0153800,YQZjHzgQBOot-5iwfudNM-u6OcxhveeUu_d-Gimk3Mg,111-1193085-0153800,Amazon.com,2023-04-03 10:37:41+00:00,2023-05-10 17:44:32.148000+00:00
rR50dwWgjhEakEISwf0QCfBQJjM=,111-6863685-9225016,JaZedoj7lOMx8RhAz1s0O9MQU9Qp992meeMLF7oDXXE,111-6863685-9225016,Amazon.com,2023-04-23 10:56:23+00:00,2023-05-10 17:39:44.382000+00:00
Zly01a5SXhGl+OB7fOnIu2ghj0U=,113-1060184-9059417,u3FapGcimfDj3ZUu9WoqXnVy6fRMgUvHfVSZfBAwQbk,113-1060184-9059417,Amazon.com,2023-03-07 01:23:27+00:00,2023-05-10 17:46:18.384000+00:00
53hHgDtiI6rre6w5fyZtg01XcCg=,114-7901413-6832216,CBrsOxHfNkwUh-Fb3SOCYFuOcv-Vwpx6TZJ2-CjLUtE,114-7901413-6832216,Amazon.com,2023-02-05 01:50:56+00:00,2023-05-10 17:49:19.865000+00:00
XGrrQ3+JoPABGZiB9QLcXlsRQg8=,114-5577597-6093045,dELpVThpt3o8DRKgyjID87S78Gk8gnaUiOzJpeWZJC0,114-5577597-6093045,Amazon.com,2022-12-20 05:31:40+00:00,2023-05-10 17:37:58.209000+00:00
TdNK1OUUUJw45osYbIZ0fwd5ncw=,112-6599193-0134645,u3FapGcimfDj3ZUu9WoqXnVy6fRMgUvHfVSZfBAwQbk,112-6599193-0134645,Amazon.com,2023-03-05 02:32:48+00:00,2023-05-10 17:46:18.383000+00:00
Lg5GxWNKIxT6Udrb3EcdqnOZybA=,113-0284007-7300247,wFsSO2jJTj2i9toJfv_Gfm4mKZD06bCGLE0Rj1PLxYc,113-0284007-7300247,Amazon.com,2023-03-28 21:38:43+00:00,2023-05-10 17:41:20.305000+00:00
AYFVR2Rry1jZ7PPSgUaE2Cu0Xmo=,112-0699177-9315469,dELpVThpt3o8DRKgyjID87S78Gk8gnaUiOzJpeWZJC0,112-0699177-9315469,Amazon.com,2022-12-13 22:45:07+00:00,2023-05-10 17:37:58.202000+00:00
RbnvDcgiJXtQgkYIDb9+0EzFuLg=,114-6678476-2757860,FyuKuJTHqglknpS0UEsPmRky1AfUH57vVB3nVfSr-rs,114-6678476-2757860,Amazon.com,2023-02-21 01:32:19+00:00,2023-05-10 17:50:55.596000+00:00
z0mL9eZjCNZu/DJsNdVMR75ewUQ=,112-2881228-3796245,YQZjHzgQBOot-5iwfudNM-u6OcxhveeUu_d-Gimk3Mg,112-2881228-3796245,Amazon.com,2023-04-07 06:46:26+00:00,2023-05-10 17:44:32.156000+00:00
a/+81EFNuIOiJwaKcUGRZqBDgoo=,112-6021407-0598658,jgJqQxLe-sBgSKBfFIXPM-HW6CPr6s8zZXsb5zN1jKM,112-6021407-0598658,Amazon.com,2023-04-28 14:29:20+00:00,2023-05-10 17:47:34.272000+00:00
up85EwPWXtIKS33udpyFC0QsHUs=,114-3643244-8246620,dELpVThpt3o8DRKgyjID87S78Gk8gnaUiOzJpeWZJC0,114-3643244-8246620,Amazon.com,2022-12-15 07:33:06+00:00,2023-05-10 17:37:58.205000+00:00
LCN4YpUWlvMj6in/sTGxFjHxPaY=,113-6987256-2569009,wFsSO2jJTj2i9toJfv_Gfm4mKZD06bCGLE0Rj1PLxYc,113-6987256-2569009,Amazon.com,2023-03-17 16:11:08+00:00,2023-05-10 17:41:20.299000+00:00
cE/n6OJTTTfVgy9ZcWdY2sUDCZA=,113-1987624-6466642,jgJqQxLe-sBgSKBfFIXPM-HW6CPr6s8zZXsb5zN1jKM,113-1987624-6466642,Amazon.com,2023-04-28 21:36:18+00:00,2023-05-10 17:47:34.273000+00:00
xDf7zxvxmNhk8Vlimn/rkhSTX4s=,111-4739512-2518648,FyuKuJTHqglknpS0UEsPmRky1AfUH57vVB3nVfSr-rs,111-4739512-2518648,Amazon.com,2023-02-28 01:47:41+00:00,2023-05-10 17:50:55.597000+00:00
Ry+XQYD2iXpmZvWDFtyx+O7lv2M=,112-2672774-4515400,JaZedoj7lOMx8RhAz1s0O9MQU9Qp992meeMLF7oDXXE,112-2672774-4515400,Amazon.com,2023-04-18 08:50:42+00:00,2023-05-10 17:39:44.380000+00:00
wTQ/gG1ugad/YHx4c0TQ1zeJV1k=,111-4459314-5849850,ITCrLWaZKBP6_Niy1SNpaH-eNnHbC_P1Utv4GhGgNN8,111-4459314-5849850,Amazon.com,2023-01-06 23:40:34+00:00,2023-05-10 17:36:21.894000+00:00
eSipFl+aJVIK2FJHnrk/KBmnXpE=,112-5344270-0686668,dELpVThpt3o8DRKgyjID87S78Gk8gnaUiOzJpeWZJC0,112-5344270-0686668,Amazon.com,2022-12-15 02:40:31+00:00,2023-05-10 17:37:58.204000+00:00
30mnINYaQlfs8k7o9m7rcGI3sX4=,111-2488928-3022655,wFsSO2jJTj2i9toJfv_Gfm4mKZD06bCGLE0Rj1PLxYc,111-2488928-3022655,Amazon.com,2023-03-24 17:44:06+00:00,2023-05-10 17:41:20.301000+00:00
XnR4U0xuqS5m8SfS/nhl8dpV/3I=,112-8800679-4365826,dELpVThpt3o8DRKgyjID87S78Gk8gnaUiOzJpeWZJC0,112-8800679-4365826,Amazon.com,2022-12-14 20:05:05+00:00,2023-05-10 17:37:58.203000+00:00
aDxAEmXNHvN3GSLMLdOb6RD/K0A=,114-1210903-6590651,jgJqQxLe-sBgSKBfFIXPM-HW6CPr6s8zZXsb5zN1jKM,114-1210903-6590651,Amazon.com,2023-05-10 08:02:19+00:00,2023-05-10 17:47:34.279000+00:00
zWc/0UBEwADuAm84gWArsw6yOFI=,112-8306307-4053830,jgJqQxLe-sBgSKBfFIXPM-HW6CPr6s8zZXsb5zN1jKM,112-8306307-4053830,Amazon.com,2023-05-02 13:27:01+00:00,2023-05-10 17:47:34.280000+00:00
GXDCaHWCEkkYvgw/eHjKF5fa9lc=,113-5646364-5685062,H8xzpM4h-irvmZ7B5lJFP05yl4Dmd7E_0vh5ZP2wz_Y,113-5646364-5685062,Amazon.com,2022-12-26 17:36:13+00:00,2023-05-10 17:42:36.074000+00:00
jprGcfJ0Jb7rn9g4MsI1ov3ygx4=,113-5259125-7993061,jgJqQxLe-sBgSKBfFIXPM-HW6CPr6s8zZXsb5zN1jKM,113-5259125-7993061,Amazon.com,2023-05-02 05:38:30+00:00,2023-05-10 17:47:34.275000+00:00
EWPdFybGH5HEGDp2V9y9T3XoUqU=,114-8188041-2760259,YQZjHzgQBOot-5iwfudNM-u6OcxhveeUu_d-Gimk3Mg,114-8188041-2760259,Amazon.com,2023-04-02 00:04:08+00:00,2023-05-10 17:44:32.146000+00:00
p+/21qdarz/hvSdv4Oevch0XxoM=,112-8970055-7330634,JaZedoj7lOMx8RhAz1s0O9MQU9Qp992meeMLF7oDXXE,112-8970055-7330634,Amazon.com,2023-04-21 17:26:49+00:00,2023-05-10 17:39:44.385000+00:00
mZ3XXF2PNLehpico7rkEDFMYXTM=,111-8468633-9100240,jgJqQxLe-sBgSKBfFIXPM-HW6CPr6s8zZXsb5zN1jKM,111-8468633-9100240,Amazon.com,2023-04-30 02:39:21+00:00,2023-05-10 17:47:34.274000+00:00
r6MMAM3pSwMzLOyz+0b/06K3mp4=,113-0080882-2559436,jgJqQxLe-sBgSKBfFIXPM-HW6CPr6s8zZXsb5zN1jKM,113-0080882-2559436,Amazon.com,2023-05-09 12:28:04+00:00,2023-05-10 17:47:34.278000+00:00
eho+wRwzZ33kuRaTrGl7ZrfRly8=,113-7693588-1574640,wFsSO2jJTj2i9toJfv_Gfm4mKZD06bCGLE0Rj1PLxYc,113-7693588-1574640,Amazon.com,2023-03-27 18:52:14+00:00,2023-05-10 17:41:20.304000+00:00
sCdGh999Ii8EmaXhd8M+ynORvTg=,113-4472307-6610610,dELpVThpt3o8DRKgyjID87S78Gk8gnaUiOzJpeWZJC0,113-4472307-6610610,Amazon.com,2022-12-09 15:39:15+00:00,2023-05-10 17:37:58.198000+00:00
NMAtE/8LNVbBmHz7kwC02a/R8NE=,111-0478116-5609047,u3FapGcimfDj3ZUu9WoqXnVy6fRMgUvHfVSZfBAwQbk,111-0478116-5609047,Amazon.com,2023-03-11 16:28:12+00:00,2023-05-10 17:46:18.386000+00:00
UvycnAWd3V30sPfOJbTyvkGSPcs=,112-8306307-4053830,YQZjHzgQBOot-5iwfudNM-u6OcxhveeUu_d-Gimk3Mg,112-8306307-4053830,Amazon.com,2023-04-07 07:04:38+00:00,2023-05-10 17:44:32.149000+00:00
15wPFx34piE7i2i6w4STpK0LQGQ=,113-5089517-0614665,dELpVThpt3o8DRKgyjID87S78Gk8gnaUiOzJpeWZJC0,113-5089517-0614665,Amazon.com,2022-12-11 18:26:11+00:00,2023-05-10 17:37:58.200000+00:00
QK1I+9SsJzub+S9W0zkBtIHpjvY=,113-7726818-7594624,H8xzpM4h-irvmZ7B5lJFP05yl4Dmd7E_0vh5ZP2wz_Y,113-7726818-7594624,Amazon.com,2022-12-31 03:26:03+00:00,2023-05-10 17:42:36.078000+00:00
RCVRvqMa0XjeXKfTC1vqmOgnSzk=,111-1304188-9229833,jgJqQxLe-sBgSKBfFIXPM-HW6CPr6s8zZXsb5zN1jKM,111-1304188-9229833,Amazon.com,2023-04-30 12:19:20+00:00,2023-05-10 17:47:34.274000+00:00
21TeX9GqZhTI3g2lLXlUDEAblFg=,114-7654277-0421016,ITCrLWaZKBP6_Niy1SNpaH-eNnHbC_P1Utv4GhGgNN8,114-7654277-0421016,Amazon.com,2023-01-16 06:44:11+00:00,2023-05-10 17:36:22.157000+00:00
szW6/dc2dNYtfOf91Tbzv/xiSLY=,112-0999445-4233059,jgJqQxLe-sBgSKBfFIXPM-HW6CPr6s8zZXsb5zN1jKM,112-0999445-4233059,Amazon.com,2023-05-09 19:16:26+00:00,2023-05-10 17:47:34.278000+00:00
ahTmjZUlyWC7zTzgF/ZDfNrxCkc=,112-2404634-5052246,jgJqQxLe-sBgSKBfFIXPM-HW6CPr6s8zZXsb5zN1jKM,112-2404634-5052246,Amazon.com,2023-05-02 16:32:37+00:00,2023-05-10 17:47:34.275000+00:00
c25nsz+U1rMkkjMFkiCXs0snGMs=,112-5678838-2983404,H8xzpM4h-irvmZ7B5lJFP05yl4Dmd7E_0vh5ZP2wz_Y,112-5678838-2983404,Amazon.com,2023-01-03 02:20:59+00:00,2023-05-10 17:42:36.077000+00:00
L2k0oXBQk4sVW61AlnDrxexdA3U=,113-1677804-7782668,jgJqQxLe-sBgSKBfFIXPM-HW6CPr6s8zZXsb5zN1jKM,113-1677804-7782668,Amazon.com,2023-05-09 11:39:12+00:00,2023-05-10 17:47:34.278000+00:00
DfNbuskpzihm7ycpJJ/BGgGMlYw=,112-3599050-2087414,JaZedoj7lOMx8RhAz1s0O9MQU9Qp992meeMLF7oDXXE,112-3599050-2087414,Amazon.com,2023-04-18 06:43:30+00:00,2023-05-10 17:39:44.379000+00:00
3HE4Ddbe6Uh8wZiZ0OVAYI/b0+0=,113-9846931-0165062,u3FapGcimfDj3ZUu9WoqXnVy6fRMgUvHfVSZfBAwQbk,113-9846931-0165062,Amazon.com,2023-03-08 06:03:49+00:00,2023-05-10 17:46:18.385000+00:00
7VFYU0VLoxYEWU31OJ6ahpLAjig=,113-2949947-0802640,dELpVThpt3o8DRKgyjID87S78Gk8gnaUiOzJpeWZJC0,113-2949947-0802640,Amazon.com,2022-12-20 09:18:13+00:00,2023-05-10 17:37:58.210000+00:00
/qiYiKjju4YAsX3+orQh2lZDpJg=,114-4396215-6000218,ITCrLWaZKBP6_Niy1SNpaH-eNnHbC_P1Utv4GhGgNN8,114-4396215-6000218,Amazon.com,2023-01-11 20:27:34+00:00,2023-05-10 17:36:21.892000+00:00
u8mI7yOb8ynPAyAdIUoHignSv1g=,114-4192551-7581827,CBrsOxHfNkwUh-Fb3SOCYFuOcv-Vwpx6TZJ2-CjLUtE,114-4192551-7581827,Amazon.com,2023-02-15 10:46:17+00:00,2023-05-10 17:49:19.867000+00:00
Cfz0ubkhyDfypSy4Qxc259qRptE=,112-3109189-9942608,jgJqQxLe-sBgSKBfFIXPM-HW6CPr6s8zZXsb5zN1jKM,112-3109189-9942608,Amazon.com,2023-05-07 09:13:33+00:00,2023-05-10 17:47:34.276000+00:00
29Hr2k1DwNePA7nL6FTUjoKbqDg=,111-9081206-9252228,dELpVThpt3o8DRKgyjID87S78Gk8gnaUiOzJpeWZJC0,111-9081206-9252228,Amazon.com,2022-12-18 06:53:00+00:00,2023-05-10 17:37:58.207000+00:00
yiN14DtM8noV/aRnmXOd4wGHVhE=,112-2207816-9523457,JaZedoj7lOMx8RhAz1s0O9MQU9Qp992meeMLF7oDXXE,112-2207816-9523457,Amazon.com,2023-04-26 01:52:14+00:00,2023-05-10 17:39:44.384000+00:00
YdVATzIXFh7HkxJuWAEbKHNOlqw=,112-8852464-8444266,dELpVThpt3o8DRKgyjID87S78Gk8gnaUiOzJpeWZJC0,112-8852464-8444266,Amazon.com,2022-12-12 07:51:43+00:00,2023-05-10 17:37:58.201000+00:00
L5gjm1lPucZ2/sKIVp6NwXRgYGE=,113-3124129-1498668,ffeyis5lBbXmpmmmx5In58RPG1PZLwBzcTB9CljUqtg,113-3124129-1498668,Amazon.com,2022-12-03 04:12:15+00:00,2023-05-10 17:33:27.599000+00:00
9z6JUVucagx3IXB8+yLelM3yO1U=,111-6438308-8092207,jgJqQxLe-sBgSKBfFIXPM-HW6CPr6s8zZXsb5zN1jKM,111-6438308-8092207,Amazon.com,2023-05-10 08:26:53+00:00,2023-05-10 17:47:34.279000+00:00
i+BkKtUhz1jOIHgwlEXftkjANK0=,112-8852464-8444266,CBrsOxHfNkwUh-Fb3SOCYFuOcv-Vwpx6TZJ2-CjLUtE,112-8852464-8444266,Amazon.com,2023-02-03 02:21:04+00:00,2023-05-10 17:49:19.867000+00:00
meA62mwfWS0Bw8pqm1rvnBShXho=,114-4192551-7581827,YQZjHzgQBOot-5iwfudNM-u6OcxhveeUu_d-Gimk3Mg,114-4192551-7581827,Amazon.com,2023-04-10 09:55:11+00:00,2023-05-10 17:44:32.157000+00:00
Z2FkC41I4iLo20itNPnNehdhA3c=,113-7836404-4443407,ITCrLWaZKBP6_Niy1SNpaH-eNnHbC_P1Utv4GhGgNN8,113-7836404-4443407,Amazon.com,2023-01-10 09:34:37+00:00,2023-05-10 17:36:21.891000+00:00
s2wAb9G/V2pRLfcn9ON7EdvE0gw=,113-5098249-4453006,H8xzpM4h-irvmZ7B5lJFP05yl4Dmd7E_0vh5ZP2wz_Y,113-5098249-4453006,Amazon.com,2022-12-28 11:23:48+00:00,2023-05-10 17:42:36.075000+00:00
Nttx1I99Ef1LfGiFLvjGSoqzDzc=,114-7149401-0674633,jgJqQxLe-sBgSKBfFIXPM-HW6CPr6s8zZXsb5zN1jKM,114-7149401-0674633,Amazon.com,2023-05-06 10:57:05+00:00,2023-05-10 17:47:34.276000+00:00
CuencH7EMb1psHfR4UfKhB9RwxM=,112-6444133-6334644,u3FapGcimfDj3ZUu9WoqXnVy6fRMgUvHfVSZfBAwQbk,112-6444133-6334644,Amazon.com,2023-03-05 20:28:05+00:00,2023-05-10 17:46:18.383000+00:00
eCVxWsOUsbEKcOKpN782YpBLR8I=,113-9718013-5020254,ffeyis5lBbXmpmmmx5In58RPG1PZLwBzcTB9CljUqtg,113-9718013-5020254,Amazon.com,2022-11-30 02:07:04+00:00,2023-05-10 17:33:27.597000+00:00
iRtv5e82WOxscy19Soah5S1XwGI=,113-8968347-9696214,jgJqQxLe-sBgSKBfFIXPM-HW6CPr6s8zZXsb5zN1jKM,113-8968347-9696214,Amazon.com,2023-05-02 19:12:46+00:00,2023-05-10 17:47:34.276000+00:00
0A0bR5fG7mCcySRZf/FbxqUrIk8=,113-7836404-4443407,CBrsOxHfNkwUh-Fb3SOCYFuOcv-Vwpx6TZJ2-CjLUtE,113-7836404-4443407,Amazon.com,2023-02-08 21:00:33+00:00,2023-05-10 17:49:19.867000+00:00
5fv23SMu25a2tHxedPSI8xuLUSA=,114-4309630-1987426,ITCrLWaZKBP6_Niy1SNpaH-eNnHbC_P1Utv4GhGgNN8,114-4309630-1987426,Amazon.com,2023-01-16 04:46:30+00:00,2023-05-10 17:36:22.156000+00:00
9ZTT8MjUUe7SzVUoarzhpgoMKQA=,113-2918412-7405865,dELpVThpt3o8DRKgyjID87S78Gk8gnaUiOzJpeWZJC0,113-2918412-7405865,Amazon.com,2022-12-11 07:48:56+00:00,2023-05-10 17:37:58.200000+00:00
uaMPvaoYm8yWiMD3efOgoqotSg8=,111-3227775-1948263,u3FapGcimfDj3ZUu9WoqXnVy6fRMgUvHfVSZfBAwQbk,111-3227775-1948263,Amazon.com,2023-03-06 10:28:18+00:00,2023-05-10 17:46:18.384000+00:00
Mt6VCRB8GTO6z5pNl3NLwKyDxZY=,114-9300923-9300239,H8xzpM4h-irvmZ7B5lJFP05yl4Dmd7E_0vh5ZP2wz_Y,114-9300923-9300239,Amazon.com,2022-12-27 03:16:54+00:00,2023-05-10 17:42:36.075000+00:00
FOytvFCbaWwyaIcAHcX4z4BLIu8=,112-6897338-7777057,dELpVThpt3o8DRKgyjID87S78Gk8gnaUiOzJpeWZJC0,112-6897338-7777057,Amazon.com,2022-12-11 18:54:12+00:00,2023-05-10 17:37:58.201000+00:00
vfXRFEGmjNfFi4Vrlp0wTjUzhPc=,111-4516429-6857001,ITCrLWaZKBP6_Niy1SNpaH-eNnHbC_P1Utv4GhGgNN8,111-4516429-6857001,Amazon.com,2023-01-18 04:46:32+00:00,2023-05-10 17:36:22.158000+00:00
jgt6Sp/wJ0KXNtQb9C4pddRh4DQ=,112-8114800-4756235,wFsSO2jJTj2i9toJfv_Gfm4mKZD06bCGLE0Rj1PLxYc,112-8114800-4756235,Amazon.com,2023-03-16 08:11:16+00:00,2023-05-10 17:41:20.297000+00:00
ul3qnPyduOuzH28enti5ATupkCI=,114-8571629-3465005,YQZjHzgQBOot-5iwfudNM-u6OcxhveeUu_d-Gimk3Mg,114-8571629-3465005,Amazon.com,2023-04-07 14:32:03+00:00,2023-05-10 17:44:32.156000+00:00
it5ZzSA9D/uAkLYX2bNuJl3+ALo=,113-0718646-0538636,JaZedoj7lOMx8RhAz1s0O9MQU9Qp992meeMLF7oDXXE,113-0718646-0538636,Amazon.com,2023-04-26 05:07:10+00:00,2023-05-10 17:39:44.384000+00:00
SbSf9e/zwnXahgx62NJOhGwi9Dk=,114-1169801-3961804,dELpVThpt3o8DRKgyjID87S78Gk8gnaUiOzJpeWZJC0,114-1169801-3961804,Amazon.com,2022-12-11 06:54:25+00:00,2023-05-10 17:37:58.199000+00:00
ptl8L/yNc1xFVNge8W9B9VCKqZQ=,111-1875421-5983438,dELpVThpt3o8DRKgyjID87S78Gk8gnaUiOzJpeWZJC0,111-1875421-5983438,Amazon.com,2022-12-15 03:37:21+00:00,2023-05-10 17:37:58.204000+00:00
th4f/HJNXIeJCXvHsV3m1dl+K28=,113-9468527-8637864,u3FapGcimfDj3ZUu9WoqXnVy6fRMgUvHfVSZfBAwQbk,113-9468527-8637864,Amazon.com,2023-03-03 01:47:30+00:00,2023-05-10 17:46:18.381000+00:00
3LZSULZNSbKk7pG6HjVl1pRPxJU=,114-0381598-5936247,jgJqQxLe-sBgSKBfFIXPM-HW6CPr6s8zZXsb5zN1jKM,114-0381598-5936247,Amazon.com,2023-05-10 14:37:53+00:00,2023-05-10 17:47:34.280000+00:00
OHMt9Mr2kST0PmJTMC7qTnbXEi4=,113-2655454-8625807,u3FapGcimfDj3ZUu9WoqXnVy6fRMgUvHfVSZfBAwQbk,113-2655454-8625807,Amazon.com,2023-03-15 09:35:31+00:00,2023-05-10 17:46:18.387000+00:00
OiWwjCoDRxMQ7q2QmGqHUbRU1tg=,113-4780496-2266630,H8xzpM4h-irvmZ7B5lJFP05yl4Dmd7E_0vh5ZP2wz_Y,113-4780496-2266630,Amazon.com,2022-12-30 22:24:31+00:00,2023-05-10 17:42:36.076000+00:00
PeugiNiV6INzuj2xUH9Ab2qDGcg=,114-8253796-0924233,KIHVodcMWe3aWnT3sT4udOJMG3ASH0iS88sycXMD-nw,114-8253796-0924233,Amazon.com,2023-01-26 22:16:34+00:00,2023-05-10 17:35:05.125000+00:00
ijYG6FdeSCjIyD5I+uCkJ+fsp2A=,113-3251390-8272259,dELpVThpt3o8DRKgyjID87S78Gk8gnaUiOzJpeWZJC0,113-3251390-8272259,Amazon.com,2022-12-08 09:29:04+00:00,2023-05-10 17:37:58.197000+00:00
oEcTQw1jYDyyG1JvrJus7fhU+mo=,112-4662538-0819467,KIHVodcMWe3aWnT3sT4udOJMG3ASH0iS88sycXMD-nw,112-4662538-0819467,Amazon.com,2023-01-21 21:52:03+00:00,2023-05-10 17:35:05.125000+00:00
we+c6r9vA8P18TL3U7hFFDkp2GA=,114-6886927-1641066,KIHVodcMWe3aWnT3sT4udOJMG3ASH0iS88sycXMD-nw,114-6886927-1641066,Amazon.com,2023-01-24 17:15:17+00:00,2023-05-10 17:35:05.126000+00:00
oDvxH+eL5JU7lOSZ47i13RM/XhQ=,112-2883805-3768267,ITCrLWaZKBP6_Niy1SNpaH-eNnHbC_P1Utv4GhGgNN8,112-2883805-3768267,Amazon.com,2023-01-10 02:54:16+00:00,2023-05-10 17:36:21.890000+00:00
BuCgXPFX4RbO8iResQBfeSjueTM=,112-2881228-3796245,u3FapGcimfDj3ZUu9WoqXnVy6fRMgUvHfVSZfBAwQbk,112-2881228-3796245,Amazon.com,2023-03-04 17:58:25+00:00,2023-05-10 17:46:18.382000+00:00
KfwxNHCzFPrXFQIY+HB3UszJzdc=,114-7139299-1669853,YQZjHzgQBOot-5iwfudNM-u6OcxhveeUu_d-Gimk3Mg,114-7139299-1669853,Amazon.com,2023-04-03 00:44:24+00:00,2023-05-10 17:44:32.148000+00:00
qOXioy+qU+2nKyV1VUhcjavrziM=,113-0501324-4734625,ffeyis5lBbXmpmmmx5In58RPG1PZLwBzcTB9CljUqtg,113-0501324-4734625,Amazon.com,2022-12-05 18:08:34+00:00,2023-05-10 17:33:27.600000+00:00
+vHRVF7rMoNlFM9wa1KkGCz0bSM=,113-9700520-1554639,JaZedoj7lOMx8RhAz1s0O9MQU9Qp992meeMLF7oDXXE,113-9700520-1554639,Amazon.com,2023-04-18 03:03:59+00:00,2023-05-10 17:39:44.379000+00:00
Uto2lpAlBSqkrarSR293l9rvri8=,111-0894316-1681018,u3FapGcimfDj3ZUu9WoqXnVy6fRMgUvHfVSZfBAwQbk,111-0894316-1681018,Amazon.com,2023-03-07 02:15:54+00:00,2023-05-10 17:46:18.384000+00:00
uWrebIs/0wmrZVtbkJ971U2oec0=,112-7840091-6341828,jgJqQxLe-sBgSKBfFIXPM-HW6CPr6s8zZXsb5zN1jKM,112-7840091-6341828,Amazon.com,2023-04-26 22:41:52+00:00,2023-05-10 17:47:34.271000+00:00
kU8SBGuQ2BLBNJN07ATV2kIR9MA=,111-4901551-5402652,YQZjHzgQBOot-5iwfudNM-u6OcxhveeUu_d-Gimk3Mg,111-4901551-5402652,Amazon.com,2023-03-31 21:50:54+00:00,2023-05-10 17:44:32.146000+00:00
1C85shylndhXM8aES27Q6VkoMgc=,112-2881228-3796245,YQZjHzgQBOot-5iwfudNM-u6OcxhveeUu_d-Gimk3Mg,112-2881228-3796245,Amazon.com,2023-04-06 21:29:03+00:00,2023-05-10 17:44:32.155000+00:00
XKCkx4KvQkEn1GurVrCZtcfNE/w=,111-2824992-5331402,JaZedoj7lOMx8RhAz1s0O9MQU9Qp992meeMLF7oDXXE,111-2824992-5331402,Amazon.com,2023-04-13 05:42:17+00:00,2023-05-10 17:39:44.377000+00:00
k3MK1U9VwJBp7gXpRecjMZA72Rc=,113-2468224-0599443,wFsSO2jJTj2i9toJfv_Gfm4mKZD06bCGLE0Rj1PLxYc,113-2468224-0599443,Amazon.com,2023-03-27 08:09:39+00:00,2023-05-10 17:41:20.303000+00:00
r2LXIolNNb+TbKGHA4OxGmn5Yeg=,111-4221484-7334620,JaZedoj7lOMx8RhAz1s0O9MQU9Qp992meeMLF7oDXXE,111-4221484-7334620,Amazon.com,2023-04-23 03:30:16+00:00,2023-05-10 17:39:44.382000+00:00
yXEM+LGMoKK1ONasDRHDaCRM+0c=,112-9722714-2421859,wFsSO2jJTj2i9toJfv_Gfm4mKZD06bCGLE0Rj1PLxYc,112-9722714-2421859,Amazon.com,2023-03-19 20:53:56+00:00,2023-05-10 17:41:20.300000+00:00
G+HgE1zvU41x0peaKw0cEzFVQY8=,112-7754569-8002636,dELpVThpt3o8DRKgyjID87S78Gk8gnaUiOzJpeWZJC0,112-7754569-8002636,Amazon.com,2022-12-14 11:06:53+00:00,2023-05-10 17:37:58.202000+00:00
8WQdzk8U0b3XRkJIz8dLzmWvlfE=,114-5739112-4723462,ffeyis5lBbXmpmmmx5In58RPG1PZLwBzcTB9CljUqtg,114-5739112-4723462,Amazon.com,2022-11-28 13:19:08+00:00,2023-05-10 17:33:27.595000+00:00
vYMDuZrQ1ZRruELKLLJnwqvSukg=,111-0007703-5585850,sKOhpOH_B0hnrcUyTFTL_38skV82X1Rzbd2STwxifGM,111-0007703-5585850,Amazon.com,2023-05-12 09:49:55+00:00,2023-05-12 14:30:54.184000+00:00
H1qkB+OjAJ0O5Bl5NPQl18VUR5w=,113-5797867-6566612,sKOhpOH_B0hnrcUyTFTL_38skV82X1Rzbd2STwxifGM,113-5797867-6566612,Amazon.com,2023-05-13 13:24:27+00:00,2023-05-13 14:31:28.984000+00:00
o92Qe95Y3qmnUNgodscLV+Iw2hc=,112-3109189-9942608,sKOhpOH_B0hnrcUyTFTL_38skV82X1Rzbd2STwxifGM,112-3109189-9942608,Amazon.com,2023-05-20 20:41:22+00:00,2023-05-21 02:31:14.140000+00:00
Ejw0CXX9Qd1gIMKDlqg9RyfesCE=,112-7304023-5909027,sKOhpOH_B0hnrcUyTFTL_38skV82X1Rzbd2STwxifGM,112-7304023-5909027,Amazon.com,2023-05-22 12:16:10+00:00,2023-05-22 14:30:32.740000+00:00
qH8gXKuXWE3eI1FlfTLNlL4FdH0=,113-9419899-9054606,sKOhpOH_B0hnrcUyTFTL_38skV82X1Rzbd2STwxifGM,113-9419899-9054606,Amazon.com,2023-05-23 22:17:36+00:00,2023-05-24 02:31:31.636000+00:00
hqbfb+ZXPoPMJSkWoHKC1UnuhIA=,113-8360070-1027466,sKOhpOH_B0hnrcUyTFTL_38skV82X1Rzbd2STwxifGM,113-8360070-1027466,Amazon.com,2023-05-24 19:04:04+00:00,2023-05-24 20:30:33.693000+00:00
Wd/+wWRvgBtZWptzNraiY/J31bU=,114-1740457-2717068,9Fe8MT6r7yd6IvwRCTGXzaqembXeXabtsgyMtnXzefQ,114-1740457-2717068,Amazon.com,2023-05-24 22:33:47+00:00,2023-05-25 02:31:06.856000+00:00
7KI8h52aD9LzF91behBgJeO32oo=,111-4465208-0586643,9Fe8MT6r7yd6IvwRCTGXzaqembXeXabtsgyMtnXzefQ,111-4465208-0586643,Amazon.com,2023-05-29 20:51:15+00:00,2023-05-30 02:30:59.196000+00:00
HU5pCZkdeKv60Hs9R8XLgYyAYjc=,114-5470503-2468215,9Fe8MT6r7yd6IvwRCTGXzaqembXeXabtsgyMtnXzefQ,114-5470503-2468215,Amazon.com,2023-05-31 03:16:44+00:00,2023-05-31 08:31:26.149000+00:00
4JQmDKadWP+5PO2ZIC/2VSK3be8=,112-8905018-9343457,9Fe8MT6r7yd6IvwRCTGXzaqembXeXabtsgyMtnXzefQ,112-8905018-9343457,Amazon.com,2023-05-31 18:58:04+00:00,2023-05-31 20:31:39.272000+00:00
j2mmJI0X5hgJoEGrWz7eKZTtOxk=,112-2404634-5052246,9Fe8MT6r7yd6IvwRCTGXzaqembXeXabtsgyMtnXzefQ,112-2404634-5052246,Amazon.com,2023-06-01 20:40:19+00:00,2023-06-02 02:32:31.402000+00:00
m4EpHO4gITtTZHwJHLaOXpeN4eQ=,114-0437198-4260233,9Fe8MT6r7yd6IvwRCTGXzaqembXeXabtsgyMtnXzefQ,114-0437198-4260233,Amazon.com,2023-06-02 23:22:32+00:00,2023-06-03 02:31:02.413000+00:00
plTDh60DesAWoj67ufrhJgJBJW8=,113-6952343-6416263,9Fe8MT6r7yd6IvwRCTGXzaqembXeXabtsgyMtnXzefQ,113-6952343-6416263,Amazon.com,2023-06-04 01:05:40+00:00,2023-06-04 02:31:55.063000+00:00
Wl6xEWL6QxVDULXHbKSF05awf3Q=,112-1649631-0122661,9Fe8MT6r7yd6IvwRCTGXzaqembXeXabtsgyMtnXzefQ,112-1649631-0122661,Amazon.com,2023-06-04 09:19:58+00:00,2023-06-04 14:30:40.583000+00:00
U47E/xhqO2nvmiEO82/zgsX3e7w=,111-1568998-4431455,tjZ3J6W0X-zVu08zYKn7YX1TnEb0S4NEqpnzg0BuKbE,111-1568998-4431455,Amazon.com,2023-06-07 20:17:58+00:00,2023-06-07 20:35:59.874000+00:00
ZG7WgmtmkHZat2oOaLaVG+YGIec=,112-7779946-1147438,tjZ3J6W0X-zVu08zYKn7YX1TnEb0S4NEqpnzg0BuKbE,112-7779946-1147438,Amazon.com,2023-06-09 01:12:22+00:00,2023-06-09 02:31:22.614000+00:00
Hg8wrh5CgKhuVVKRe31bPYm+R3M=,114-6494819-2508240,tjZ3J6W0X-zVu08zYKn7YX1TnEb0S4NEqpnzg0BuKbE,114-6494819-2508240,Amazon.com,2023-06-10 01:11:30+00:00,2023-06-10 02:30:35.358000+00:00
utjnF+Z06BgsyKeSGHGNb0pYeHA=,113-9713028-3640253,tjZ3J6W0X-zVu08zYKn7YX1TnEb0S4NEqpnzg0BuKbE,113-9713028-3640253,Amazon.com,2023-06-14 01:56:27+00:00,2023-06-14 02:31:27.492000+00:00
sDIM+eEEfNQM4DYiCwddTnVFyZ8=,114-3950259-3696231,tjZ3J6W0X-zVu08zYKn7YX1TnEb0S4NEqpnzg0BuKbE,114-3950259-3696231,Amazon.com,2023-06-14 10:30:14+00:00,2023-06-14 14:31:46.735000+00:00
SJPp/MSp/0dduKBeYBFQV5x6/d0=,111-7449174-1107451,Do4NB-vgmxoCyi8Cv1w_npot8nCr4i4H-cEmZEY2muE,111-7449174-1107451,Amazon.com,2023-06-27 23:58:57+00:00,2023-06-28 02:31:24.320000+00:00
7KMRY+2ZfOiVyMgl/CDl9kc6EAU=,111-7953496-4383434,Do4NB-vgmxoCyi8Cv1w_npot8nCr4i4H-cEmZEY2muE,111-7953496-4383434,Amazon.com,2023-06-29 07:08:23+00:00,2023-06-29 08:31:55.216000+00:00
o0C49CODLUT+88KyDIkIilIdV1k=,114-1740457-2717068,Do4NB-vgmxoCyi8Cv1w_npot8nCr4i4H-cEmZEY2muE,114-1740457-2717068,Amazon.com,2023-07-02 01:23:58+00:00,2023-07-02 02:30:51.919000+00:00
J8eonVSczwQ3x8dxNQecjIKiRNo=,113-8643029-3347406,Do4NB-vgmxoCyi8Cv1w_npot8nCr4i4H-cEmZEY2muE,113-8643029-3347406,Amazon.com,2023-07-02 07:38:38+00:00,2023-07-02 08:31:58.756000+00:00
dCBIzz2hfbSHGnn9RHW7fE1PPRQ=,113-2822534-8273815,Do4NB-vgmxoCyi8Cv1w_npot8nCr4i4H-cEmZEY2muE,113-2822534-8273815,Amazon.com,2023-07-03 09:55:51+00:00,2023-07-03 14:30:55.081000+00:00
ndxf32hgmQHyAf7MrbY9NZRIlO8=,111-8483657-8816248,Do4NB-vgmxoCyi8Cv1w_npot8nCr4i4H-cEmZEY2muE,111-8483657-8816248,Amazon.com,2023-07-05 09:24:35+00:00,2023-07-05 14:32:49.240000+00:00
OyGoA3+3UukJi287qdVWFMUidsc=,114-8571629-3465005,u3FapGcimfDj3ZUu9WoqXnVy6fRMgUvHfVSZfBAwQbk,114-8571629-3465005,Amazon.com,2023-03-12 03:45:19+00:00,2023-05-10 17:46:18.386000+00:00
U7NArcU3EsCpb3f51XXXdC4YifE=,114-7514670-9771419,H8xzpM4h-irvmZ7B5lJFP05yl4Dmd7E_0vh5ZP2wz_Y,114-7514670-9771419,Amazon.com,2022-12-26 15:59:12+00:00,2023-05-10 17:42:36.073000+00:00
saIboYT7QCVxhcfEAo1kxc/pm/o=,111-7485459-3775454,ffeyis5lBbXmpmmmx5In58RPG1PZLwBzcTB9CljUqtg,111-7485459-3775454,Amazon.com,2022-12-04 05:56:38+00:00,2023-05-10 17:33:27.600000+00:00
oOs5EZWZwELYyqX6sxg5O5Tyo3A=,114-6886927-1641066,H8xzpM4h-irvmZ7B5lJFP05yl4Dmd7E_0vh5ZP2wz_Y,114-6886927-1641066,Amazon.com,2022-12-30 00:10:16+00:00,2023-05-10 17:42:36.076000+00:00
26rnq2quJuNQNCp0q2Ipb09YA34=,111-8524760-1830610,FyuKuJTHqglknpS0UEsPmRky1AfUH57vVB3nVfSr-rs,111-8524760-1830610,Amazon.com,2023-02-28 12:15:35+00:00,2023-05-10 17:50:55.597000+00:00
iv44Q0F0wn0O+2scVFVYyg6Xsnw=,111-2069963-6052241,FyuKuJTHqglknpS0UEsPmRky1AfUH57vVB3nVfSr-rs,111-2069963-6052241,Amazon.com,2023-02-19 14:37:58+00:00,2023-05-10 17:50:55.596000+00:00
7WFssflnpaZe7/tjr7hYSZ2Oso4=,114-3463493-5581011,CBrsOxHfNkwUh-Fb3SOCYFuOcv-Vwpx6TZJ2-CjLUtE,114-3463493-5581011,Amazon.com,2023-02-15 00:18:21+00:00,2023-05-10 17:49:19.866000+00:00
7zlS+FJokmpfsvGzijOEu26Y2Wo=,112-2875200-9545013,wFsSO2jJTj2i9toJfv_Gfm4mKZD06bCGLE0Rj1PLxYc,112-2875200-9545013,Amazon.com,2023-03-17 15:47:03+00:00,2023-05-10 17:41:20.299000+00:00
QaE9tsNtuOjvKvcotd/Z1AJZtso=,112-8970055-7330634,u3FapGcimfDj3ZUu9WoqXnVy6fRMgUvHfVSZfBAwQbk,112-8970055-7330634,Amazon.com,2023-03-13 15:18:17+00:00,2023-05-10 17:46:18.387000+00:00
mAVt+2ggjxx6heB3hmSED3Jw2c4=,111-7751947-1372235,YQZjHzgQBOot-5iwfudNM-u6OcxhveeUu_d-Gimk3Mg,111-7751947-1372235,Amazon.com,2023-04-09 19:50:49+00:00,2023-05-10 17:44:32.151000+00:00
CwgEviI2JvfDMlrncKGiflGW6wo=,114-8959470-7302630,sKOhpOH_B0hnrcUyTFTL_38skV82X1Rzbd2STwxifGM,114-8959470-7302630,Amazon.com,2023-05-16 12:08:37+00:00,2023-05-16 14:31:20.977000+00:00
1DBApc+Y8jugS993p9pKy0Zqzk8=,112-7660186-6993051,sKOhpOH_B0hnrcUyTFTL_38skV82X1Rzbd2STwxifGM,112-7660186-6993051,Amazon.com,2023-05-16 12:34:52+00:00,2023-05-16 14:31:20.981000+00:00
wNh7XiCdpb0X5TdKIMyBWNiXdCk=,114-7149401-0674633,sKOhpOH_B0hnrcUyTFTL_38skV82X1Rzbd2STwxifGM,114-7149401-0674633,Amazon.com,2023-05-20 02:49:08+00:00,2023-05-20 08:31:00.760000+00:00
MHpQyuJt+i38jOfhiU/9RN2KWzg=,113-6985546-4656247,sKOhpOH_B0hnrcUyTFTL_38skV82X1Rzbd2STwxifGM,113-6985546-4656247,Amazon.com,2023-05-22 14:00:48+00:00,2023-05-22 14:30:32.742000+00:00
PyJoeFI0WAFXEcQIjPOE/3s7kuo=,113-3291127-4832217,sKOhpOH_B0hnrcUyTFTL_38skV82X1Rzbd2STwxifGM,113-3291127-4832217,Amazon.com,2023-05-23 00:23:31+00:00,2023-05-23 02:31:12.429000+00:00
fe9ZOAEqxexHQuln10sJXr6Agv4=,111-6280122-9117821,9Fe8MT6r7yd6IvwRCTGXzaqembXeXabtsgyMtnXzefQ,111-6280122-9117821,Amazon.com,2023-05-28 23:25:35+00:00,2023-05-29 02:30:46.359000+00:00
U8Mzb+h54phAOq7nMBifrbBcm3U=,111-0324961-1500211,9Fe8MT6r7yd6IvwRCTGXzaqembXeXabtsgyMtnXzefQ,111-0324961-1500211,Amazon.com,2023-05-29 20:18:01+00:00,2023-05-29 20:30:59.830000+00:00
/A+tdOBRu8YMNKJpCKU1mfg54l0=,113-2793495-5919449,9Fe8MT6r7yd6IvwRCTGXzaqembXeXabtsgyMtnXzefQ,113-2793495-5919449,Amazon.com,2023-06-01 03:36:14+00:00,2023-06-01 08:33:08.431000+00:00
GJvVoJAXkmc/q89UH6HzbqBNAFw=,112-1237018-5519402,9Fe8MT6r7yd6IvwRCTGXzaqembXeXabtsgyMtnXzefQ,112-1237018-5519402,Amazon.com,2023-06-02 21:04:38+00:00,2023-06-03 02:31:02.409000+00:00
1p4pGlMKqgxJgK5Ivnpx6n7haMM=,112-4082388-5718609,9Fe8MT6r7yd6IvwRCTGXzaqembXeXabtsgyMtnXzefQ,112-4082388-5718609,Amazon.com,2023-06-03 14:40:04+00:00,2023-06-03 20:31:03.011000+00:00
jmc3D9Jy4l/2QhDq/Wz/p9A/ZAo=,112-0988631-8724218,9Fe8MT6r7yd6IvwRCTGXzaqembXeXabtsgyMtnXzefQ,112-0988631-8724218,Amazon.com,2023-06-04 19:13:37+00:00,2023-06-04 20:30:40.322000+00:00
F8dPs2FtHXYjMq5jkRH4+CIVIGg=,114-9788770-5944246,9Fe8MT6r7yd6IvwRCTGXzaqembXeXabtsgyMtnXzefQ,114-9788770-5944246,Amazon.com,2023-06-05 18:42:08+00:00,2023-06-05 20:31:06.945000+00:00
vUJIpBqI4K8JKMVGYQZGoO5KhsA=,111-4407769-6091466,tjZ3J6W0X-zVu08zYKn7YX1TnEb0S4NEqpnzg0BuKbE,111-4407769-6091466,Amazon.com,2023-06-08 13:56:39+00:00,2023-06-08 14:31:39.693000+00:00
SV/G5kjVbM/8/aG2Lm+dKCFKkSU=,113-9419899-9054606,tjZ3J6W0X-zVu08zYKn7YX1TnEb0S4NEqpnzg0BuKbE,113-9419899-9054606,Amazon.com,2023-06-11 20:49:30+00:00,2023-06-12 02:30:47.363000+00:00
lIkoUp2SXXgd1VPXgGG6EklgUag=,114-2861204-8072240,tjZ3J6W0X-zVu08zYKn7YX1TnEb0S4NEqpnzg0BuKbE,114-2861204-8072240,Amazon.com,2023-06-18 00:16:06+00:00,2023-06-18 02:30:56.393000+00:00
HsdTBNcNFmyNxBpzDzrk+BY0onY=,111-7308309-6441021,tjZ3J6W0X-zVu08zYKn7YX1TnEb0S4NEqpnzg0BuKbE,111-7308309-6441021,Amazon.com,2023-06-18 06:56:31+00:00,2023-06-18 08:31:33.644000+00:00
j47ObLTueKl8QEicvaxA+IvJ8Kw=,113-9307903-6097814,tjZ3J6W0X-zVu08zYKn7YX1TnEb0S4NEqpnzg0BuKbE,113-9307903-6097814,Amazon.com,2023-06-20 07:55:53+00:00,2023-06-20 08:32:53.896000+00:00
Nhpg+GYkbxLEglgatDIlE2rUJNk=,113-1492150-8122631,Do4NB-vgmxoCyi8Cv1w_npot8nCr4i4H-cEmZEY2muE,113-1492150-8122631,Amazon.com,2023-06-24 01:54:36+00:00,2023-06-24 02:31:59.523000+00:00
9gi/Ma6+Q0BKF3RD3Ir3+UA6ilQ=,112-4172046-2797842,Do4NB-vgmxoCyi8Cv1w_npot8nCr4i4H-cEmZEY2muE,112-4172046-2797842,Amazon.com,2023-06-28 00:24:07+00:00,2023-06-28 02:31:24.322000+00:00
6aXfQaAYzt4Q/12idVq2yZqWlYg=,114-0990782-1494663,Do4NB-vgmxoCyi8Cv1w_npot8nCr4i4H-cEmZEY2muE,114-0990782-1494663,Amazon.com,2023-06-29 01:52:03+00:00,2023-06-29 02:34:02.403000+00:00
7II1OoVNZNolkdWD6v67y3QGrss=,114-1539883-1425049,Do4NB-vgmxoCyi8Cv1w_npot8nCr4i4H-cEmZEY2muE,114-1539883-1425049,Amazon.com,2023-07-01 18:23:23+00:00,2023-07-01 20:30:47.067000+00:00
U8BSWlkuICkF/nC6gZWwcp16+lQ=,112-9693379-1082635,dELpVThpt3o8DRKgyjID87S78Gk8gnaUiOzJpeWZJC0,112-9693379-1082635,Amazon.com,2022-12-20 11:46:59+00:00,2023-05-10 17:37:58.210000+00:00
7eu5WxmQadg8WcIPhvLr9vc+aj4=,113-8448325-1105832,H8xzpM4h-irvmZ7B5lJFP05yl4Dmd7E_0vh5ZP2wz_Y,113-8448325-1105832,Amazon.com,2023-01-04 10:54:26+00:00,2023-05-10 17:42:36.077000+00:00
MkiKXla4JJYrJ0G/WhiB+s/7jzM=,113-5323360-5375455,ITCrLWaZKBP6_Niy1SNpaH-eNnHbC_P1Utv4GhGgNN8,113-5323360-5375455,Amazon.com,2023-01-12 22:00:18+00:00,2023-05-10 17:36:21.893000+00:00
nAeaBF7E9bwJXIvH+J/s1lgNvnk=,111-0219813-4009819,H8xzpM4h-irvmZ7B5lJFP05yl4Dmd7E_0vh5ZP2wz_Y,111-0219813-4009819,Amazon.com,2022-12-31 13:08:12+00:00,2023-05-10 17:42:36.078000+00:00
IGbSfU3o/BMf8D80otv6+mrocoU=,111-0060501-0664265,CBrsOxHfNkwUh-Fb3SOCYFuOcv-Vwpx6TZJ2-CjLUtE,111-0060501-0664265,Amazon.com,2023-02-10 00:34:00+00:00,2023-05-10 17:49:19.866000+00:00
ynoeTravmBT8495d2UN3jrNIjGI=,113-5977018-7699465,ITCrLWaZKBP6_Niy1SNpaH-eNnHbC_P1Utv4GhGgNN8,113-5977018-7699465,Amazon.com,2023-01-12 20:11:02+00:00,2023-05-10 17:36:21.893000+00:00
VcPlAvycWqu535bzJIr86RV3FQY=,111-0219813-4009819,ffeyis5lBbXmpmmmx5In58RPG1PZLwBzcTB9CljUqtg,111-0219813-4009819,Amazon.com,2022-12-06 01:37:40+00:00,2023-05-10 17:33:27.601000+00:00
QMAgvmNJ+oFSQonDgdppkvJxjYA=,114-8782573-2028259,jgJqQxLe-sBgSKBfFIXPM-HW6CPr6s8zZXsb5zN1jKM,114-8782573-2028259,Amazon.com,2023-05-07 07:37:03+00:00,2023-05-10 17:47:34.276000+00:00
cW2XRWycHkxFJMUjmmYS9LNhd7c=,114-5867159-7693853,YQZjHzgQBOot-5iwfudNM-u6OcxhveeUu_d-Gimk3Mg,114-5867159-7693853,Amazon.com,2023-04-11 20:50:24+00:00,2023-05-10 17:44:32.153000+00:00
zznW/8HQivVCItEmgXqoY16ZKuU=,112-2742272-1932226,u3FapGcimfDj3ZUu9WoqXnVy6fRMgUvHfVSZfBAwQbk,112-2742272-1932226,Amazon.com,2023-03-05 00:13:49+00:00,2023-05-10 17:46:18.383000+00:00
YB91YC61Rpn8bPPYX6m3fmV1/Y8=,114-7047745-8952224,jgJqQxLe-sBgSKBfFIXPM-HW6CPr6s8zZXsb5zN1jKM,114-7047745-8952224,Amazon.com,2023-04-26 21:29:59+00:00,2023-05-10 17:47:34.271000+00:00
Ogr4rO0Ion7KxukM2rsi6bNDFSE=,112-4664385-4611444,KIHVodcMWe3aWnT3sT4udOJMG3ASH0iS88sycXMD-nw,112-4664385-4611444,Amazon.com,2023-01-19 04:51:25+00:00,2023-05-10 17:35:05.124000+00:00
sQUuqZtUZaoihr8nm57Uq88QuEw=,113-6412534-8974620,dELpVThpt3o8DRKgyjID87S78Gk8gnaUiOzJpeWZJC0,113-6412534-8974620,Amazon.com,2022-12-17 10:40:56+00:00,2023-05-10 17:37:58.206000+00:00
32Qtu4PIjnwtSP1Aa+p2ChTc7ms=,112-2848196-9894642,FyuKuJTHqglknpS0UEsPmRky1AfUH57vVB3nVfSr-rs,112-2848196-9894642,Amazon.com,2023-02-16 09:10:38+00:00,2023-05-10 17:50:55.595000+00:00
Ox5gNLJI8CeFVf7DpJ9aquGdVUk=,111-8225298-6139411,ITCrLWaZKBP6_Niy1SNpaH-eNnHbC_P1Utv4GhGgNN8,111-8225298-6139411,Amazon.com,2023-01-10 07:29:57+00:00,2023-05-10 17:36:21.894000+00:00
pY8+WaPRyoRVaWZ/z8Lcfv2PHE4=,114-9122516-5064242,H8xzpM4h-irvmZ7B5lJFP05yl4Dmd7E_0vh5ZP2wz_Y,114-9122516-5064242,Amazon.com,2022-12-21 20:56:51+00:00,2023-05-10 17:42:36.072000+00:00
8ZCE8IInyzv80xpbUHSkP3gGJAk=,111-9088984-5512253,u3FapGcimfDj3ZUu9WoqXnVy6fRMgUvHfVSZfBAwQbk,111-9088984-5512253,Amazon.com,2023-03-14 03:06:06+00:00,2023-05-10 17:46:18.387000+00:00
KH1w0w5DsMnweGHOTJOPbH0IG5E=,111-8225298-6139411,dELpVThpt3o8DRKgyjID87S78Gk8gnaUiOzJpeWZJC0,111-8225298-6139411,Amazon.com,2022-12-18 12:41:37+00:00,2023-05-10 17:37:58.208000+00:00
rsHqjmuqloq6PY2n8jmIEtWevfc=,112-4842798-8944269,jgJqQxLe-sBgSKBfFIXPM-HW6CPr6s8zZXsb5zN1jKM,112-4842798-8944269,Amazon.com,2023-05-09 03:43:47+00:00,2023-05-10 17:47:34.277000+00:00
/+FXZQOPUJsV0M9KHzKnUhuIoXg=,113-5837760-5595430,wFsSO2jJTj2i9toJfv_Gfm4mKZD06bCGLE0Rj1PLxYc,113-5837760-5595430,Amazon.com,2023-03-27 05:25:50+00:00,2023-05-10 17:41:20.302000+00:00
J/PM6tvhNitmBTV+IVc/sJXcfTE=,112-7412543-0347456,dELpVThpt3o8DRKgyjID87S78Gk8gnaUiOzJpeWZJC0,112-7412543-0347456,Amazon.com,2022-12-17 14:49:53+00:00,2023-05-10 17:37:58.207000+00:00
0tvTTlKRocAx2SWbL5/9uCWletw=,112-3626483-8880231,jgJqQxLe-sBgSKBfFIXPM-HW6CPr6s8zZXsb5zN1jKM,112-3626483-8880231,Amazon.com,2023-05-02 08:46:32+00:00,2023-05-10 17:47:34.275000+00:00
UHu0UxFZDEq/ypFCT4B5h7LY6ME=,113-3188240-8177067,jgJqQxLe-sBgSKBfFIXPM-HW6CPr6s8zZXsb5zN1jKM,113-3188240-8177067,Amazon.com,2023-04-27 16:28:40+00:00,2023-05-10 17:47:34.272000+00:00
Ux7tlTLh2yJmdB7wVH2FGjoo//s=,111-9088984-5512253,u3FapGcimfDj3ZUu9WoqXnVy6fRMgUvHfVSZfBAwQbk,111-9088984-5512253,Amazon.com,2023-03-03 19:48:50+00:00,2023-05-10 17:46:18.382000+00:00
Q/9+tHtdnfSMGjzWJe4ykYsKYck=,113-1623125-9785848,JaZedoj7lOMx8RhAz1s0O9MQU9Qp992meeMLF7oDXXE,113-1623125-9785848,Amazon.com,2023-04-21 02:37:03+00:00,2023-05-10 17:39:44.381000+00:00
cYZBlptue5UrLrGAL0I+8CJiuro=,112-0168733-9532267,CBrsOxHfNkwUh-Fb3SOCYFuOcv-Vwpx6TZJ2-CjLUtE,112-0168733-9532267,Amazon.com,2023-02-09 06:16:36+00:00,2023-05-10 17:49:19.865000+00:00
Jd38v0pZduAlp31T9l5sOeOq7ow=,113-7196233-1626650,dELpVThpt3o8DRKgyjID87S78Gk8gnaUiOzJpeWZJC0,113-7196233-1626650,Amazon.com,2022-12-12 03:26:18+00:00,2023-05-10 17:37:58.201000+00:00
07l9HROFUVkCIc+lKhfx5ylqx10=,113-2329245-8918639,jgJqQxLe-sBgSKBfFIXPM-HW6CPr6s8zZXsb5zN1jKM,113-2329245-8918639,Amazon.com,2023-05-07 10:13:29+00:00,2023-05-10 17:47:34.277000+00:00
Cv4CSV9VS5KEOj632hMGK1hvM/U=,112-1991147-4303449,u3FapGcimfDj3ZUu9WoqXnVy6fRMgUvHfVSZfBAwQbk,112-1991147-4303449,Amazon.com,2023-03-02 01:54:40+00:00,2023-05-10 17:46:18.381000+00:00
J52F9Yz4YXB3LVnIGs7yWz+eiMI=,111-7474377-6629041,jgJqQxLe-sBgSKBfFIXPM-HW6CPr6s8zZXsb5zN1jKM,111-7474377-6629041,Amazon.com,2023-04-29 02:31:24+00:00,2023-05-10 17:47:34.273000+00:00
Ai0fOH04OX4vj6yyFoq5TKd8t9Y=,113-6296081-5665042,ITCrLWaZKBP6_Niy1SNpaH-eNnHbC_P1Utv4GhGgNN8,113-6296081-5665042,Amazon.com,2023-01-16 23:05:55+00:00,2023-05-10 17:36:22.157000+00:00
zjLuA8zt2uSkDFd269PDU02dCHw=,111-7689292-5717834,FyuKuJTHqglknpS0UEsPmRky1AfUH57vVB3nVfSr-rs,111-7689292-5717834,Amazon.com,2023-02-23 08:36:40+00:00,2023-05-10 17:50:55.597000+00:00
xIN62NIuHEmOirewHeslCPH1Cks=,114-5403265-3029026,ITCrLWaZKBP6_Niy1SNpaH-eNnHbC_P1Utv4GhGgNN8,114-5403265-3029026,Amazon.com,2023-01-18 08:11:04+00:00,2023-05-10 17:36:22.158000+00:00
xph4+1B1tlsViH2eLdm4eXiMApk=,112-8626152-4664203,dELpVThpt3o8DRKgyjID87S78Gk8gnaUiOzJpeWZJC0,112-8626152-4664203,Amazon.com,2022-12-09 18:27:24+00:00,2023-05-10 17:37:58.198000+00:00
PkPnIPrKPE/o+ACRgd124vJ2L4s=,112-0445669-9411439,YQZjHzgQBOot-5iwfudNM-u6OcxhveeUu_d-Gimk3Mg,112-0445669-9411439,Amazon.com,2023-04-02 00:32:13+00:00,2023-05-10 17:44:32.147000+00:00
MIFKYx3TlTNfdaBYrWq1CIfLARk=,114-3864214-2641843,dELpVThpt3o8DRKgyjID87S78Gk8gnaUiOzJpeWZJC0,114-3864214-2641843,Amazon.com,2022-12-16 11:10:51+00:00,2023-05-10 17:37:58.206000+00:00
pDzk+bPQC9hrDzT/L2A0Q4X2ojU=,114-2047342-3345011,YQZjHzgQBOot-5iwfudNM-u6OcxhveeUu_d-Gimk3Mg,114-2047342-3345011,Amazon.com,2023-04-03 21:21:51+00:00,2023-05-10 17:44:32.149000+00:00
ea8w2WsY1hcLZ9KL7rrlQLfvsfU=,112-2398559-0299465,JaZedoj7lOMx8RhAz1s0O9MQU9Qp992meeMLF7oDXXE,112-2398559-0299465,Amazon.com,2023-04-20 07:02:06+00:00,2023-05-10 17:39:44.380000+00:00
uZE9Zmgf/sSn9HzJysoJph4Sdcg=,112-8667810-1193046,YQZjHzgQBOot-5iwfudNM-u6OcxhveeUu_d-Gimk3Mg,112-8667810-1193046,Amazon.com,2023-04-12 11:01:56+00:00,2023-05-10 17:44:32.154000+00:00
XHMEHfjME/4a9/BuUr1Le1xjLwM=,111-9084828-3378654,JaZedoj7lOMx8RhAz1s0O9MQU9Qp992meeMLF7oDXXE,111-9084828-3378654,Amazon.com,2023-04-18 00:55:29+00:00,2023-05-10 17:39:44.378000+00:00
l0hHMleeobk7zFrFpdNBsJVgnBI=,111-1737348-9974660,YQZjHzgQBOot-5iwfudNM-u6OcxhveeUu_d-Gimk3Mg,111-1737348-9974660,Amazon.com,2023-04-10 04:14:01+00:00,2023-05-10 17:44:32.152000+00:00
zS9BysSASWJL1hGAeudSZDt1GwM=,111-3043043-5233810,dELpVThpt3o8DRKgyjID87S78Gk8gnaUiOzJpeWZJC0,111-3043043-5233810,Amazon.com,2022-12-09 10:24:28+00:00,2023-05-10 17:37:58.197000+00:00
M7xefI09IxNxLQTwR5lCi8NvTsA=,113-9185807-0138617,YQZjHzgQBOot-5iwfudNM-u6OcxhveeUu_d-Gimk3Mg,113-9185807-0138617,Amazon.com,2023-04-11 15:33:38+00:00,2023-05-10 17:44:32.153000+00:00
Kptb4V7m4f/78k71ddtQEmrozMA=,114-6558920-0793809,ffeyis5lBbXmpmmmx5In58RPG1PZLwBzcTB9CljUqtg,114-6558920-0793809,Amazon.com,2022-11-28 16:10:44+00:00,2023-05-10 17:33:27.596000+00:00
JeuS9xP7kMufysrrWJHdyM5+z1Y=,113-4780496-2266630,ITCrLWaZKBP6_Niy1SNpaH-eNnHbC_P1Utv4GhGgNN8,113-4780496-2266630,Amazon.com,2023-01-13 10:22:05+00:00,2023-05-10 17:36:22.159000+00:00
lX6PH+NdcvhTWBkNwZjLYPK2iJ8=,113-5837760-5595430,YQZjHzgQBOot-5iwfudNM-u6OcxhveeUu_d-Gimk3Mg,113-5837760-5595430,Amazon.com,2023-04-03 15:30:09+00:00,2023-05-10 17:44:32.154000+00:00
SlON7Rk6hJWD+BE1yh02Y5GoHgI=,113-7497311-0338628,ITCrLWaZKBP6_Niy1SNpaH-eNnHbC_P1Utv4GhGgNN8,113-7497311-0338628,Amazon.com,2023-01-14 02:22:34+00:00,2023-05-10 17:36:22.155000+00:00
iSTDR8uXzBICDD4Jajh/ahmDxrU=,114-0626304-1359458,jgJqQxLe-sBgSKBfFIXPM-HW6CPr6s8zZXsb5zN1jKM,114-0626304-1359458,Amazon.com,2023-05-10 07:25:26+00:00,2023-05-10 17:47:34.279000+00:00
p4NBUlMHhVNl3fTtdsdVjFtbo0c=,114-9558065-6421816,wFsSO2jJTj2i9toJfv_Gfm4mKZD06bCGLE0Rj1PLxYc,114-9558065-6421816,Amazon.com,2023-03-19 03:54:10+00:00,2023-05-10 17:41:20.300000+00:00
ELiebdVL76FTjpSGg1tEV/GXzAU=,114-4944978-9308215,YQZjHzgQBOot-5iwfudNM-u6OcxhveeUu_d-Gimk3Mg,114-4944978-9308215,Amazon.com,2023-04-10 22:00:49+00:00,2023-05-10 17:44:32.152000+00:00
hdoQ45QpC6j8bL/ke3pOcV3zQX8=,114-8834949-8984235,dELpVThpt3o8DRKgyjID87S78Gk8gnaUiOzJpeWZJC0,114-8834949-8984235,Amazon.com,2022-12-18 18:38:35+00:00,2023-05-10 17:37:58.209000+00:00
zI2NddMItueHr3iBd4LqmjCal1c=,113-8731061-0363430,YQZjHzgQBOot-5iwfudNM-u6OcxhveeUu_d-Gimk3Mg,113-8731061-0363430,Amazon.com,2023-04-08 05:36:45+00:00,2023-05-10 17:44:32.150000+00:00
YYGrB3z8tYfhTbVgQpDZb51Uugc=,113-2918412-7405865,KIHVodcMWe3aWnT3sT4udOJMG3ASH0iS88sycXMD-nw,113-2918412-7405865,Amazon.com,2023-01-26 21:53:19+00:00,2023-05-10 17:35:05.126000+00:00
0duA69vzMzND58a9RuV9+nd7ql4=,111-5803858-9603463,dELpVThpt3o8DRKgyjID87S78Gk8gnaUiOzJpeWZJC0,111-5803858-9603463,Amazon.com,2022-12-15 20:35:24+00:00,2023-05-10 17:37:58.205000+00:00
8iDSc3yYH+WTPWQZTfh0DiqWEXM=,111-3375134-1185813,ffeyis5lBbXmpmmmx5In58RPG1PZLwBzcTB9CljUqtg,111-3375134-1185813,Amazon.com,2022-11-30 08:30:08+00:00,2023-05-10 17:33:27.598000+00:00
rNQdk5JYwUGjYzmZKiVjWTqhbjg=,112-0311016-6177876,jgJqQxLe-sBgSKBfFIXPM-HW6CPr6s8zZXsb5zN1jKM,112-0311016-6177876,Amazon.com,2023-05-10 09:31:29+00:00,2023-05-10 17:47:34.280000+00:00
cly8lCi6/94ElfKM3zcyPQJ9L5w=,112-4951142-0957044,wFsSO2jJTj2i9toJfv_Gfm4mKZD06bCGLE0Rj1PLxYc,112-4951142-0957044,Amazon.com,2023-03-26 18:19:20+00:00,2023-05-10 17:41:20.302000+00:00
WNR/09VsJyQkqT+iIKUv9SHGe5c=,111-0975639-2498667,FyuKuJTHqglknpS0UEsPmRky1AfUH57vVB3nVfSr-rs,111-0975639-2498667,Amazon.com,2023-02-17 07:12:56+00:00,2023-05-10 17:50:55.595000+00:00
8wenZWejhGaLM3NBc5TD+StQygs=,113-7689114-2564264,FyuKuJTHqglknpS0UEsPmRky1AfUH57vVB3nVfSr-rs,113-7689114-2564264,Amazon.com,2023-02-27 03:48:12+00:00,2023-05-10 17:50:55.597000+00:00
F+DI2B2Wf/vpEp3hXp+bBIvEwZo=,113-0227232-6411400,H8xzpM4h-irvmZ7B5lJFP05yl4Dmd7E_0vh5ZP2wz_Y,113-0227232-6411400,Amazon.com,2022-12-26 21:43:08+00:00,2023-05-10 17:42:36.074000+00:00
TWkQVob7CLBEGDTzrOzYSoiPJhY=,113-1560417-7863439,JaZedoj7lOMx8RhAz1s0O9MQU9Qp992meeMLF7oDXXE,113-1560417-7863439,Amazon.com,2023-04-12 23:58:42+00:00,2023-05-10 17:39:44.376000+00:00
usMwtm0SL+DtihZKbrdEtk1oAf8=,114-4757228-8440247,JaZedoj7lOMx8RhAz1s0O9MQU9Qp992meeMLF7oDXXE,114-4757228-8440247,Amazon.com,2023-04-18 03:01:53+00:00,2023-05-10 17:39:44.379000+00:00
moYu6yYQj0UUt8/J5UAXimnvx3U=,112-0185268-4376227,CBrsOxHfNkwUh-Fb3SOCYFuOcv-Vwpx6TZJ2-CjLUtE,112-0185268-4376227,Amazon.com,2023-02-15 00:35:30+00:00,2023-05-10 17:49:19.866000+00:00
+Lw0keSKQnsmyXbtpOoTwUxk6dg=,111-7751947-1372235,JaZedoj7lOMx8RhAz1s0O9MQU9Qp992meeMLF7oDXXE,111-7751947-1372235,Amazon.com,2023-04-19 04:44:19+00:00,2023-05-10 17:39:44.385000+00:00
NxBxQpmnbJcJSyUNljy3MVFL8Dk=,112-5362241-5002645,wFsSO2jJTj2i9toJfv_Gfm4mKZD06bCGLE0Rj1PLxYc,112-5362241-5002645,Amazon.com,2023-03-22 03:10:45+00:00,2023-05-10 17:41:20.306000+00:00
PV4TmJGhIpE+js4rGC12UZoj3Xs=,111-9434976-7014657,ITCrLWaZKBP6_Niy1SNpaH-eNnHbC_P1Utv4GhGgNN8,111-9434976-7014657,Amazon.com,2023-01-13 23:16:47+00:00,2023-05-10 17:36:22.153000+00:00
EwhIycq2nRWGBUy+BZ20KKP8ej8=,113-7726818-7594624,dELpVThpt3o8DRKgyjID87S78Gk8gnaUiOzJpeWZJC0,113-7726818-7594624,Amazon.com,2022-12-15 02:35:10+00:00,2023-05-10 17:37:58.203000+00:00
uhKdD7rS1sT64VdRgKMw0mUsjAM=,111-4739512-2518648,YQZjHzgQBOot-5iwfudNM-u6OcxhveeUu_d-Gimk3Mg,111-4739512-2518648,Amazon.com,2023-04-05 22:30:06+00:00,2023-05-10 17:44:32.155000+00:00
1paXMZVdfACRHFKZZlLXhZhuTXQ=,114-9162420-8452240,JaZedoj7lOMx8RhAz1s0O9MQU9Qp992meeMLF7oDXXE,114-9162420-8452240,Amazon.com,2023-04-22 10:03:05+00:00,2023-05-10 17:39:44.381000+00:00
0hLBI7MTq51KvrW3OESs+pWtgSM=,114-3994243-2295464,dELpVThpt3o8DRKgyjID87S78Gk8gnaUiOzJpeWZJC0,114-3994243-2295464,Amazon.com,2022-12-18 10:34:03+00:00,2023-05-10 17:37:58.207000+00:00
Uo4hrZa+A7fHaYLNaE7WC0cDj8w=,112-0660104-1597844,u3FapGcimfDj3ZUu9WoqXnVy6fRMgUvHfVSZfBAwQbk,112-0660104-1597844,Amazon.com,2023-03-13 09:55:36+00:00,2023-05-10 17:46:18.386000+00:00
TgX+XZpMW+NA+3d59uFj1q7/vLQ=,111-1948339-1383406,dELpVThpt3o8DRKgyjID87S78Gk8gnaUiOzJpeWZJC0,111-1948339-1383406,Amazon.com,2022-12-18 14:02:43+00:00,2023-05-10 17:37:58.209000+00:00
/lSK9kJ3VWv8pdpScvYlaYBJaw0=,114-6965476-3589822,u3FapGcimfDj3ZUu9WoqXnVy6fRMgUvHfVSZfBAwQbk,114-6965476-3589822,Amazon.com,2023-03-08 01:39:37+00:00,2023-05-10 17:46:18.385000+00:00
Cx+YS6wqUxd58M2ObxKdmy4P39I=,114-7867936-7247417,ffeyis5lBbXmpmmmx5In58RPG1PZLwBzcTB9CljUqtg,114-7867936-7247417,Amazon.com,2022-11-25 22:47:57+00:00,2023-05-10 17:33:27.593000+00:00
Ry5J9ix1W+vBCS2nXK18MZt9N2Y=,113-5411842-4081027,JaZedoj7lOMx8RhAz1s0O9MQU9Qp992meeMLF7oDXXE,113-5411842-4081027,Amazon.com,2023-04-25 02:44:26+00:00,2023-05-10 17:39:44.383000+00:00
1vuvwIaO0A9aOU44JZLn5gVgAzI=,114-8839111-6205815,JaZedoj7lOMx8RhAz1s0O9MQU9Qp992meeMLF7oDXXE,114-8839111-6205815,Amazon.com,2023-04-23 20:00:47+00:00,2023-05-10 17:39:44.382000+00:00
4kCJ97LnA25S1OTu+2hExEpCoFg=,114-4192551-7581827,CBrsOxHfNkwUh-Fb3SOCYFuOcv-Vwpx6TZJ2-CjLUtE,114-4192551-7581827,Amazon.com,2023-02-06 23:58:55+00:00,2023-05-10 17:49:19.865000+00:00
L4QeaIq2P5cosiFM+Xvu7msBEE4=,112-5362241-5002645,FyuKuJTHqglknpS0UEsPmRky1AfUH57vVB3nVfSr-rs,112-5362241-5002645,Amazon.com,2023-02-22 05:15:57+00:00,2023-05-10 17:50:55.596000+00:00
eqyhxN1j9q0mYoZoLKo7EaevEzQ=,112-3973892-3356266,jgJqQxLe-sBgSKBfFIXPM-HW6CPr6s8zZXsb5zN1jKM,112-3973892-3356266,Amazon.com,2023-04-29 05:27:41+00:00,2023-05-10 17:47:34.274000+00:00
9uIydUyE9a4HqCN3L/ChEQ7UhxM=,111-3447883-5790600,JaZedoj7lOMx8RhAz1s0O9MQU9Qp992meeMLF7oDXXE,111-3447883-5790600,Amazon.com,2023-04-25 19:08:46+00:00,2023-05-10 17:39:44.383000+00:00
rc+mAw+krPt//iTjnGTTiy4A1Rs=,111-6976473-7218655,dELpVThpt3o8DRKgyjID87S78Gk8gnaUiOzJpeWZJC0,111-6976473-7218655,Amazon.com,2022-12-08 06:22:59+00:00,2023-05-10 17:37:58.196000+00:00
VhrlQ8Q5Va/wfCPNf3EwnU0/Knw=,114-2047342-3345011,jgJqQxLe-sBgSKBfFIXPM-HW6CPr6s8zZXsb5zN1jKM,114-2047342-3345011,Amazon.com,2023-05-04 11:01:03+00:00,2023-05-10 17:47:34.281000+00:00
GOgm8wVFwoE7C9ZpXYjWqCeRGN4=,112-2067678-0929018,YQZjHzgQBOot-5iwfudNM-u6OcxhveeUu_d-Gimk3Mg,112-2067678-0929018,Amazon.com,2023-03-30 06:27:17+00:00,2023-05-10 17:44:32.144000+00:00
IwMixP6t5xqGoUn8N5tvyKGq19E=,111-1110814-6646617,FyuKuJTHqglknpS0UEsPmRky1AfUH57vVB3nVfSr-rs,111-1110814-6646617,Amazon.com,2023-02-28 19:08:30+00:00,2023-05-10 17:50:55.598000+00:00
nQewOrB55o5I3KYWMm70qCaK8u4=,113-9250247-7601823,FyuKuJTHqglknpS0UEsPmRky1AfUH57vVB3nVfSr-rs,113-9250247-7601823,Amazon.com,2023-02-16 01:10:34+00:00,2023-05-10 17:50:55.595000+00:00
w3VR13pp/iY8+gGpZN51DaiHITs=,111-4976854-7634633,jgJqQxLe-sBgSKBfFIXPM-HW6CPr6s8zZXsb5zN1jKM,111-4976854-7634633,Amazon.com,2023-04-27 07:56:19+00:00,2023-05-10 17:47:34.272000+00:00
Yixfi2DhiINKuuZRVZQRLdLxDmU=,113-4472307-6610610,H8xzpM4h-irvmZ7B5lJFP05yl4Dmd7E_0vh5ZP2wz_Y,113-4472307-6610610,Amazon.com,2022-12-26 16:52:00+00:00,2023-05-10 17:42:36.077000+00:00
NeowOgPa6EDlHoRPU+nrDAwHZ2U=,113-2799358-7084243,CBrsOxHfNkwUh-Fb3SOCYFuOcv-Vwpx6TZJ2-CjLUtE,113-2799358-7084243,Amazon.com,2023-02-03 11:32:07+00:00,2023-05-10 17:49:19.864000+00:00
dL4/U8DOBgRmcaQBim/rCrifPLU=,113-5797867-6566612,YQZjHzgQBOot-5iwfudNM-u6OcxhveeUu_d-Gimk3Mg,113-5797867-6566612,Amazon.com,2023-04-09 00:19:00+00:00,2023-05-10 17:44:32.150000+00:00
dbfOM46FiPmS2Pib5dMfCCa7arY=,111-2285982-9390654,JaZedoj7lOMx8RhAz1s0O9MQU9Qp992meeMLF7oDXXE,111-2285982-9390654,Amazon.com,2023-04-15 08:18:30+00:00,2023-05-10 17:39:44.378000+00:00
M4l5ih229wPGP7yDu/JpC1yMDAo=,111-0685776-8091447,CBrsOxHfNkwUh-Fb3SOCYFuOcv-Vwpx6TZJ2-CjLUtE,111-0685776-8091447,Amazon.com,2023-02-13 00:24:55+00:00,2023-05-10 17:49:19.866000+00:00
V609MJRjkGqJHagOMrox6oewz4I=,112-6719144-3989049,u3FapGcimfDj3ZUu9WoqXnVy6fRMgUvHfVSZfBAwQbk,112-6719144-3989049,Amazon.com,2023-03-09 17:24:33+00:00,2023-05-10 17:46:18.385000+00:00
aqF7hPLlqu3Na6r/ZnxDhQE2MDA=,112-7840091-6341828,jgJqQxLe-sBgSKBfFIXPM-HW6CPr6s8zZXsb5zN1jKM,112-7840091-6341828,Amazon.com,2023-05-02 20:44:08+00:00,2023-05-10 17:47:34.281000+00:00
YXNGsS9SEVVCtdpQRXLe1k8ccjc=,112-1594159-5463465,dELpVThpt3o8DRKgyjID87S78Gk8gnaUiOzJpeWZJC0,112-1594159-5463465,Amazon.com,2022-12-11 04:09:58+00:00,2023-05-10 17:37:58.199000+00:00
Bh88BQDLE98SflZDskTWmFqXiDA=,111-5266877-9350627,jgJqQxLe-sBgSKBfFIXPM-HW6CPr6s8zZXsb5zN1jKM,111-5266877-9350627,Amazon.com,2023-05-08 03:08:51+00:00,2023-05-10 17:47:34.277000+00:00
a3VUE1lZoXdgRe725DSDOa8L6Lc=,112-8962182-3865034,dELpVThpt3o8DRKgyjID87S78Gk8gnaUiOzJpeWZJC0,112-8962182-3865034,Amazon.com,2022-12-21 01:20:15+00:00,2023-05-10 17:37:58.211000+00:00
O59T8BUdbWkBdwRMHUqisWvSfXQ=,112-6414628-6124261,wFsSO2jJTj2i9toJfv_Gfm4mKZD06bCGLE0Rj1PLxYc,112-6414628-6124261,Amazon.com,2023-03-17 10:52:33+00:00,2023-05-10 17:41:20.298000+00:00
l0x0HawjJn5k7MjgY2PX2IRrZP0=,114-8186385-7119444,sKOhpOH_B0hnrcUyTFTL_38skV82X1Rzbd2STwxifGM,114-8186385-7119444,Amazon.com,2023-05-11 04:24:17+00:00,2023-05-11 08:33:01.459000+00:00
PWSa2jSsVlxBeECyuuTIdZmNTUI=,112-7779946-1147438,sKOhpOH_B0hnrcUyTFTL_38skV82X1Rzbd2STwxifGM,112-7779946-1147438,Amazon.com,2023-05-14 22:29:07+00:00,2023-05-15 02:31:34.720000+00:00
2fbgHq3oZQgu0qpcWYdyl+Wrh88=,112-0483487-6045014,sKOhpOH_B0hnrcUyTFTL_38skV82X1Rzbd2STwxifGM,112-0483487-6045014,Amazon.com,2023-05-15 22:14:57+00:00,2023-05-16 02:31:04.880000+00:00
mV/mfJI35nwlY3TukJpSaL7+rjg=,112-7638151-5149832,sKOhpOH_B0hnrcUyTFTL_38skV82X1Rzbd2STwxifGM,112-7638151-5149832,Amazon.com,2023-05-17 06:31:45+00:00,2023-05-17 08:31:04.068000+00:00
6bGW2ePsOzj88IW9cxeNu/TClJY=,111-1519246-1276229,sKOhpOH_B0hnrcUyTFTL_38skV82X1Rzbd2STwxifGM,111-1519246-1276229,Amazon.com,2023-05-17 02:30:43+00:00,2023-05-17 08:31:04.065000+00:00
vFohft128wTd9FsxPf54oPnGfdA=,113-2329245-8918639,sKOhpOH_B0hnrcUyTFTL_38skV82X1Rzbd2STwxifGM,113-2329245-8918639,Amazon.com,2023-05-17 04:42:42+00:00,2023-05-17 08:31:04.069000+00:00
hr84CIP7jUdApDesPzC4I9bvHlo=,111-1242018-0100246,sKOhpOH_B0hnrcUyTFTL_38skV82X1Rzbd2STwxifGM,111-1242018-0100246,Amazon.com,2023-05-18 17:45:41+00:00,2023-05-18 20:31:13.159000+00:00
1/MrC5rkL/bT3iWkuiyEcIFXavY=,114-8839111-6205815,sKOhpOH_B0hnrcUyTFTL_38skV82X1Rzbd2STwxifGM,114-8839111-6205815,Amazon.com,2023-05-18 22:28:24+00:00,2023-05-19 02:31:33.667000+00:00
ad+ED0UvHFDDXT/jrZ9js+p+6hQ=,111-0007703-5585850,sKOhpOH_B0hnrcUyTFTL_38skV82X1Rzbd2STwxifGM,111-0007703-5585850,Amazon.com,2023-05-20 16:33:49+00:00,2023-05-20 20:30:45.968000+00:00
t1Qy3LclrElHE/E1xkviXS99PG4=,113-2573014-0153008,sKOhpOH_B0hnrcUyTFTL_38skV82X1Rzbd2STwxifGM,113-2573014-0153008,Amazon.com,2023-05-23 06:13:03+00:00,2023-05-23 08:32:23.939000+00:00
7qhOhcpc/KggfvccPT/3Yq1u/eA=,114-0532205-4717046,sKOhpOH_B0hnrcUyTFTL_38skV82X1Rzbd2STwxifGM,114-0532205-4717046,Amazon.com,2023-05-24 18:26:25+00:00,2023-05-24 20:30:33.690000+00:00
srPVRSYGId9kF5PuwXPiU88yUzA=,111-3217245-8307420,9Fe8MT6r7yd6IvwRCTGXzaqembXeXabtsgyMtnXzefQ,111-3217245-8307420,Amazon.com,2023-05-26 03:44:05+00:00,2023-05-26 08:31:46.074000+00:00
i/jWvWmV05isPKeomFMLc5tHS9w=,112-4842798-8944269,9Fe8MT6r7yd6IvwRCTGXzaqembXeXabtsgyMtnXzefQ,112-4842798-8944269,Amazon.com,2023-05-26 11:14:00+00:00,2023-05-26 14:30:35.613000+00:00
pVJOkn1a4pWL5eia9+hoedykNow=,113-5036078-4344265,9Fe8MT6r7yd6IvwRCTGXzaqembXeXabtsgyMtnXzefQ,113-5036078-4344265,Amazon.com,2023-05-26 20:49:38+00:00,2023-05-27 02:32:03.942000+00:00
VA9MeXpD57W21aQ0BGYAG6wb9n8=,114-0470046-9208243,9Fe8MT6r7yd6IvwRCTGXzaqembXeXabtsgyMtnXzefQ,114-0470046-9208243,Amazon.com,2023-05-31 09:25:03+00:00,2023-05-31 14:31:57.370000+00:00
rAJBWXqlRld0xXIXidUCRt0BoAo=,113-9477395-8566655,9Fe8MT6r7yd6IvwRCTGXzaqembXeXabtsgyMtnXzefQ,113-9477395-8566655,Amazon.com,2023-06-01 03:59:47+00:00,2023-06-01 08:33:08.433000+00:00
bym6Kp7P+anLibpY3O0FCApAzkg=,113-3188240-8177067,9Fe8MT6r7yd6IvwRCTGXzaqembXeXabtsgyMtnXzefQ,113-3188240-8177067,Amazon.com,2023-06-05 18:56:27+00:00,2023-06-05 20:31:06.948000+00:00
zHVCspoUnxMu46jQ8OVdIbFyoPc=,113-3188240-8177067,9Fe8MT6r7yd6IvwRCTGXzaqembXeXabtsgyMtnXzefQ,113-3188240-8177067,Amazon.com,2023-06-05 20:29:55+00:00,2023-06-06 02:31:05.005000+00:00
A6n4/IwSv6JtUHmEGsmXKV7RrYY=,112-4026260-3813060,tjZ3J6W0X-zVu08zYKn7YX1TnEb0S4NEqpnzg0BuKbE,112-4026260-3813060,Amazon.com,2023-06-08 15:24:23+00:00,2023-06-08 20:31:35.404000+00:00
subxlipOHEP+zqFqMhbeOSR4Nqs=,112-7304023-5909027,tjZ3J6W0X-zVu08zYKn7YX1TnEb0S4NEqpnzg0BuKbE,112-7304023-5909027,Amazon.com,2023-06-09 00:15:41+00:00,2023-06-09 02:31:22.610000+00:00
Mfu6SN0GTb5iPUkxQeq+fkuheIg=,113-4002332-6113057,tjZ3J6W0X-zVu08zYKn7YX1TnEb0S4NEqpnzg0BuKbE,113-4002332-6113057,Amazon.com,2023-06-10 08:18:52+00:00,2023-06-10 08:31:55.846000+00:00
tvaGDaPTJPNlHCKMZpdN9m2P6jc=,112-3186858-2349019,tjZ3J6W0X-zVu08zYKn7YX1TnEb0S4NEqpnzg0BuKbE,112-3186858-2349019,Amazon.com,2023-06-14 18:42:53+00:00,2023-06-14 20:33:03.797000+00:00
ZqlYAJ0PyeZxmeIsHgRR2Cn3AMM=,112-6109205-8182636,tjZ3J6W0X-zVu08zYKn7YX1TnEb0S4NEqpnzg0BuKbE,112-6109205-8182636,Amazon.com,2023-06-15 03:41:38+00:00,2023-06-15 08:32:26.936000+00:00
rEyRRUGR3huQ0OZ04fiYb6sNy6U=,114-2861204-8072240,tjZ3J6W0X-zVu08zYKn7YX1TnEb0S4NEqpnzg0BuKbE,114-2861204-8072240,Amazon.com,2023-06-15 16:41:36+00:00,2023-06-15 20:32:06.418000+00:00
NtoVgAZrOPUgGd/z88xHnTGao10=,113-4873566-6429847,tjZ3J6W0X-zVu08zYKn7YX1TnEb0S4NEqpnzg0BuKbE,113-4873566-6429847,Amazon.com,2023-06-17 22:40:41+00:00,2023-06-18 02:30:56.391000+00:00
l7iHaot/LC2WhwQGUp+JLTTkXuc=,111-8296065-8854615,tjZ3J6W0X-zVu08zYKn7YX1TnEb0S4NEqpnzg0BuKbE,111-8296065-8854615,Amazon.com,2023-06-18 22:34:42+00:00,2023-06-19 02:31:08.365000+00:00
a1kdCVTQly9DcaRoJQoHES2/5fs=,113-7777722-0539425,Do4NB-vgmxoCyi8Cv1w_npot8nCr4i4H-cEmZEY2muE,113-7777722-0539425,Amazon.com,2023-06-23 08:10:48+00:00,2023-06-23 08:31:16.152000+00:00
Oqe2j3El/73FmDgIHmEhso0ahVI=,114-6379279-6633030,Do4NB-vgmxoCyi8Cv1w_npot8nCr4i4H-cEmZEY2muE,114-6379279-6633030,Amazon.com,2023-06-24 04:16:29+00:00,2023-06-24 08:32:10.619000+00:00
UFNRssQqCMZS0FFD4llypkw2jlo=,113-5187299-7287404,rafCIsyRhCqYVcYeA6xIOvb3OgzzzbKvj4AUC1RN8N8,113-5187299-7287404,Amazon.com,2023-07-06 07:57:05+00:00,2023-07-06 08:33:50.427000+00:00
QKTbVuXIQwIsp6sy3yrNoWEcx00=,111-9801105-4360257,YQZjHzgQBOot-5iwfudNM-u6OcxhveeUu_d-Gimk3Mg,111-9801105-4360257,Amazon.com,2023-03-30 10:07:20+00:00,2023-05-10 17:44:32.145000+00:00
fQwPfcyBQE34aJNzE4OZC94ISfE=,114-1652649-8812205,wFsSO2jJTj2i9toJfv_Gfm4mKZD06bCGLE0Rj1PLxYc,114-1652649-8812205,Amazon.com,2023-03-28 03:29:00+00:00,2023-05-10 17:41:20.304000+00:00
T2KzpV3p0cojXRcLQBsD0kl8Z6s=,112-6125560-9989037,dELpVThpt3o8DRKgyjID87S78Gk8gnaUiOzJpeWZJC0,112-6125560-9989037,Amazon.com,2022-12-18 11:04:28+00:00,2023-05-10 17:37:58.208000+00:00
wjEsq/cg4phAceBiaRdoMIKZvxE=,111-9088984-5512253,u3FapGcimfDj3ZUu9WoqXnVy6fRMgUvHfVSZfBAwQbk,111-9088984-5512253,Amazon.com,2023-03-14 05:55:30+00:00,2023-05-10 17:46:18.388000+00:00
3knhr7DXsAGIOHNtKG2TmEwnCTA=,114-5970131-2829822,CBrsOxHfNkwUh-Fb3SOCYFuOcv-Vwpx6TZJ2-CjLUtE,114-5970131-2829822,Amazon.com,2023-02-09 22:54:57+00:00,2023-05-10 17:49:19.865000+00:00
rhuR17MN1FDnF92A/jE99vkpfq0=,113-9249887-1965036,YQZjHzgQBOot-5iwfudNM-u6OcxhveeUu_d-Gimk3Mg,113-9249887-1965036,Amazon.com,2023-03-31 10:56:21+00:00,2023-05-10 17:44:32.146000+00:00
bAz3E71wf7yqVA8a97Mb78SyBtk=,114-6099277-1741010,ITCrLWaZKBP6_Niy1SNpaH-eNnHbC_P1Utv4GhGgNN8,114-6099277-1741010,Amazon.com,2023-01-15 08:35:27+00:00,2023-05-10 17:36:22.155000+00:00
JsyySL9TzSf/Hpsr7Tq2HgEPYwk=,112-1649631-0122661,sKOhpOH_B0hnrcUyTFTL_38skV82X1Rzbd2STwxifGM,112-1649631-0122661,Amazon.com,2023-05-12 17:43:24+00:00,2023-05-12 20:33:19.114000+00:00
Sq6u+HxzYQHVzFSTG/mJwPSP4SA=,114-0199490-8574639,sKOhpOH_B0hnrcUyTFTL_38skV82X1Rzbd2STwxifGM,114-0199490-8574639,Amazon.com,2023-05-16 21:01:40+00:00,2023-05-17 02:31:07.399000+00:00
O69X/NvO7dGqa1VjLV0cDChgza8=,114-0187742-3819471,sKOhpOH_B0hnrcUyTFTL_38skV82X1Rzbd2STwxifGM,114-0187742-3819471,Amazon.com,2023-05-20 10:19:38+00:00,2023-05-20 14:30:38.979000+00:00
UUpYqOXt02EF9bu4PRVO1rpzdus=,113-3969689-2277825,sKOhpOH_B0hnrcUyTFTL_38skV82X1Rzbd2STwxifGM,113-3969689-2277825,Amazon.com,2023-05-22 20:05:52+00:00,2023-05-22 20:31:31.575000+00:00
ZdWSYpScvn5Q6pQo+2KRZ5msnSY=,113-6985546-4656247,9Fe8MT6r7yd6IvwRCTGXzaqembXeXabtsgyMtnXzefQ,113-6985546-4656247,Amazon.com,2023-05-25 19:17:51+00:00,2023-05-25 20:31:45.423000+00:00
azIetlBMqWDqd9H1kT+oSqCvc88=,111-7474377-6629041,9Fe8MT6r7yd6IvwRCTGXzaqembXeXabtsgyMtnXzefQ,111-7474377-6629041,Amazon.com,2023-05-27 02:04:51+00:00,2023-05-27 02:32:03.944000+00:00
5CYKLapyaNwgNJsmlqeiCd1tjE8=,111-7608483-1933032,9Fe8MT6r7yd6IvwRCTGXzaqembXeXabtsgyMtnXzefQ,111-7608483-1933032,Amazon.com,2023-06-01 04:35:58+00:00,2023-06-01 08:33:08.434000+00:00
PlSu1k6S8hVppjvriVsXNwE/I6Q=,112-9088986-7825012,9Fe8MT6r7yd6IvwRCTGXzaqembXeXabtsgyMtnXzefQ,112-9088986-7825012,Amazon.com,2023-06-07 15:48:19+00:00,2023-06-07 20:36:00.050000+00:00
CGwRERxi0Ws2IdL4Oj/hCZGtww0=,113-6804246-3836243,tjZ3J6W0X-zVu08zYKn7YX1TnEb0S4NEqpnzg0BuKbE,113-6804246-3836243,Amazon.com,2023-06-17 07:18:48+00:00,2023-06-17 08:32:29.776000+00:00
aW2DEZl03Bx2hQCwd1nqwJuMaHo=,111-8381337-7339441,tjZ3J6W0X-zVu08zYKn7YX1TnEb0S4NEqpnzg0BuKbE,111-8381337-7339441,Amazon.com,2023-06-17 04:12:12+00:00,2023-06-17 08:32:29.772000+00:00
3uHle6FWTm3x5MP6wO0I2IXF60E=,113-2916804-0437003,tjZ3J6W0X-zVu08zYKn7YX1TnEb0S4NEqpnzg0BuKbE,113-2916804-0437003,Amazon.com,2023-06-17 11:43:02+00:00,2023-06-17 14:31:46.601000+00:00
1/WrIKnpj8X3H392tfgNpnej0BU=,111-8345215-0342641,tjZ3J6W0X-zVu08zYKn7YX1TnEb0S4NEqpnzg0BuKbE,111-8345215-0342641,Amazon.com,2023-06-19 21:02:09+00:00,2023-06-20 02:31:21.169000+00:00
nA25ijmdZ/nyLuq+Ph0+zkOEPcs=,111-8926677-9112256,tjZ3J6W0X-zVu08zYKn7YX1TnEb0S4NEqpnzg0BuKbE,111-8926677-9112256,Amazon.com,2023-06-20 19:14:15+00:00,2023-06-20 20:31:27.844000+00:00
MDiGo/T/KhRrosPGZpdeEFTW1uQ=,111-5330321-4245867,Do4NB-vgmxoCyi8Cv1w_npot8nCr4i4H-cEmZEY2muE,111-5330321-4245867,Amazon.com,2023-06-22 00:34:08+00:00,2023-06-22 02:32:14.011000+00:00
BtqRGwFpctJie4MIRxv4djWBgv8=,114-7084160-3143431,Do4NB-vgmxoCyi8Cv1w_npot8nCr4i4H-cEmZEY2muE,114-7084160-3143431,Amazon.com,2023-06-24 01:19:57+00:00,2023-06-24 02:31:59.520000+00:00
WklflRmGU6wR7UPL4moIWsuYMQw=,114-0658476-8217810,Do4NB-vgmxoCyi8Cv1w_npot8nCr4i4H-cEmZEY2muE,114-0658476-8217810,Amazon.com,2023-06-24 19:03:48+00:00,2023-06-24 20:31:12.510000+00:00
JhD9zbawKQb42tzsQpveXnaPuaU=,111-0485046-0478633,Do4NB-vgmxoCyi8Cv1w_npot8nCr4i4H-cEmZEY2muE,111-0485046-0478633,Amazon.com,2023-06-27 03:55:32+00:00,2023-06-27 08:32:15.892000+00:00
CUv64rV2IO8dlwsD0Vh5XxNpkbY=,114-1117243-3052229,Do4NB-vgmxoCyi8Cv1w_npot8nCr4i4H-cEmZEY2muE,114-1117243-3052229,Amazon.com,2023-06-28 06:28:20+00:00,2023-06-28 08:33:06.109000+00:00
rq6oqLsxTyietpy4MibbjEte7js=,113-1858875-8303408,Do4NB-vgmxoCyi8Cv1w_npot8nCr4i4H-cEmZEY2muE,113-1858875-8303408,Amazon.com,2023-06-30 09:03:27+00:00,2023-06-30 14:31:52.621000+00:00
