_fivetran_id,field_ref,form_id,type,_fivetran_synced,_fivetran_start,_fivetran_end,_fivetran_active
ezcpKJt9K5C/SsMgSwZjVT0lNpU=,e6d5cc04-58a1-4fd3-8b17-2ef2f3cbed46,MKXagAlh,field,2023-05-09 15:57:28.733000+00:00,2021-07-22 14:55:18.641000+00:00,9999-12-31 23:59:59.999000+00:00,True
P6pLRUCIMZjLjrczSQYRlAUFE78=,6ef36c9b-a493-494e-8f8e-9a5a7b488187,fVpJAWb6,field,2023-05-09 15:55:47.255000+00:00,2022-11-15 16:44:11.724000+00:00,9999-12-31 23:59:59.999000+00:00,True
+AM401Pyff3w7d0FFfc5Rz3nsoc=,9e189744-1fc3-4245-926d-2b2555463a53,fVpJAWb6,field,2023-05-09 15:55:47.255000+00:00,2022-11-15 16:44:11.724000+00:00,9999-12-31 23:59:59.999000+00:00,True
Ro14wPK1DbCwaH8HBVPDvJWgFho=,95269427-c8e1-4955-b2b8-de5e8873e025,fvZ2fdz9,field,2023-05-09 15:57:52.829000+00:00,2021-06-04 22:32:02.167000+00:00,9999-12-31 23:59:59.999000+00:00,True
7y+ja4TX59bKGbSvjPN9cYgMUFE=,a48ac4ac-5609-4dd2-8144-2dfcd6edc0ed,UKxdVnQv,field,2023-05-09 15:55:59.809000+00:00,2022-07-12 19:11:56.721000+00:00,9999-12-31 23:59:59.999000+00:00,True
ObLK0RZrnn3j5VYg6xkcZyB8PSY=,decbc340-1463-4756-9e04-1eb6457d9df4,wzxbYq72,field,2023-05-09 15:56:45.104000+00:00,2021-11-08 18:00:33.616000+00:00,9999-12-31 23:59:59.999000+00:00,True
HpDkkjNX6HiComqnm4sx4PgbTq4=,7a427445-3212-45bf-8ad4-b004b3fe203b,XsezE0qD,field,2023-05-09 15:56:18.382000+00:00,2022-06-15 17:07:46.599000+00:00,9999-12-31 23:59:59.999000+00:00,True
52jV6OK73emSI0Bq9ar/7hV+taI=,5c4b7346-18a8-4b2b-8892-b5a4f66197d5,MKXagAlh,field,2023-05-09 15:57:28.732000+00:00,2021-07-22 14:55:18.641000+00:00,9999-12-31 23:59:59.999000+00:00,True
4N024un5I9yUyIYLJfWuKpPgKJo=,0d89e9e1-6a83-478b-8c8a-586592329002,CBJ5YM86,field,2023-05-09 15:55:41.474000+00:00,2023-01-06 17:09:18.282000+00:00,9999-12-31 23:59:59.999000+00:00,True
zjlvWvwum8D0capSMvdkcuh4pCY=,e12f01c5-d89a-43f6-b638-3165616b93da,e7hRQtSH,field,2023-05-09 15:55:47.573000+00:00,2023-03-02 21:15:53.713000+00:00,9999-12-31 23:59:59.999000+00:00,True
7Qw7rY/qxocYy/pE+0ZefrpX8EA=,01F6Q3NT10FPM0ACSKH0F7ZV6D,v5fs4MLL,field,2023-05-09 15:55:43.812000+00:00,2022-12-09 22:00:17.983000+00:00,9999-12-31 23:59:59.999000+00:00,True
OBUGLtXiHiMx4LI/2+4ZN2Vo8eA=,2938e17c-d289-41e7-b28f-86652c90269d,e7hRQtSH,field,2023-05-09 15:55:47.573000+00:00,2023-03-02 21:15:53.713000+00:00,9999-12-31 23:59:59.999000+00:00,True
7Qw7rY/qxocYy/pE+0ZefrpX8EA=,01F6Q3NT10FPM0ACSKH0F7ZV6D,fVpJAWb6,field,2023-05-09 15:55:47.251000+00:00,2022-11-15 16:44:11.724000+00:00,9999-12-31 23:59:59.999000+00:00,True
Lj/i6o/oPTN0nWoCfcmpY12jZLI=,7f479298-5af7-41c3-9761-6082ac0085f5,fhmGtCBS,field,2023-05-09 15:57:36.180000+00:00,2021-05-11 04:21:16.159000+00:00,9999-12-31 23:59:59.999000+00:00,True
1s+51AnscA3EBqScNh5TxCkNq34=,09614e39-0821-4ebf-93be-ef84cadc2585,fvZ2fdz9,field,2023-05-09 15:57:52.828000+00:00,2021-06-04 22:32:02.167000+00:00,9999-12-31 23:59:59.999000+00:00,True
sbWiGKQeCTaPl4kIhVp42oFD6Xs=,b572022e-923e-48a3-8034-d12b21db0e97,MKXagAlh,field,2023-05-09 15:57:28.734000+00:00,2021-07-22 14:55:18.641000+00:00,9999-12-31 23:59:59.999000+00:00,True
zR5vdJ4I8BlHa+UyIrjuci2WhXk=,338af829-f6fc-4173-b793-e15a68bacb82,Wez0q1nI,field,2023-05-09 15:58:12.287000+00:00,2023-03-30 19:05:43.137000+00:00,9999-12-31 23:59:59.999000+00:00,True
3gKSBi1fqWwH23g8xI3NR1/jLtA=,9e6167b3-04a5-4e50-828e-1532ea3446cf,Xq3iQG7A,field,2023-05-09 15:55:44.736000+00:00,2022-11-15 16:44:37.062000+00:00,9999-12-31 23:59:59.999000+00:00,True
P6pLRUCIMZjLjrczSQYRlAUFE78=,6ef36c9b-a493-494e-8f8e-9a5a7b488187,v5fs4MLL,field,2023-05-09 15:55:43.808000+00:00,2022-12-09 22:00:17.983000+00:00,9999-12-31 23:59:59.999000+00:00,True
kbHYobGlYpY5tUS/mU5tcjs8qDg=,d770d37e-1db3-41e9-af1a-9b8e464eeb1c,MKXagAlh,field,2023-05-09 15:57:28.733000+00:00,2021-07-22 14:55:18.641000+00:00,9999-12-31 23:59:59.999000+00:00,True
GZSR2T4p1N9qppUHfr/a8U3WbVs=,06f63942-61ef-4087-bee3-4e618d914785,vgBnsZ5t,field,2023-05-09 15:57:40.270000+00:00,2021-04-13 19:03:18.853000+00:00,9999-12-31 23:59:59.999000+00:00,True
Lj/i6o/oPTN0nWoCfcmpY12jZLI=,7f479298-5af7-41c3-9761-6082ac0085f5,XlCI6VzX,field,2023-05-09 15:57:55.326000+00:00,2021-05-02 18:07:44.377000+00:00,9999-12-31 23:59:59.999000+00:00,True
zjlvWvwum8D0capSMvdkcuh4pCY=,e12f01c5-d89a-43f6-b638-3165616b93da,QCwykDBd,field,2023-06-20 20:30:21.768000+00:00,2023-06-20 17:00:22.740000+00:00,2023-07-05 14:50:10.967000+00:00,False
OBUGLtXiHiMx4LI/2+4ZN2Vo8eA=,2938e17c-d289-41e7-b28f-86652c90269d,QCwykDBd,field,2023-06-20 20:30:21.773000+00:00,2023-06-20 17:00:22.740000+00:00,2023-07-05 14:50:10.967000+00:00,False
/bqx9ldEwZYH5WAxm9ZXprbd7xI=,56f068da-be17-42b8-bcca-bc8a6c0eb3f1,sGqsMGlv,field,2024-03-22 00:03:21.135000+00:00,2024-03-21 21:11:22.413000+00:00,9999-12-31 23:59:59.999000+00:00,True
IdGkdkS+0aXmpYimESNxG5VvHTY=,12c373eb-a30c-4dbb-a85f-333d0aa133f2,sGqsMGlv,field,2024-03-22 00:03:21.218000+00:00,2024-03-21 21:11:22.413000+00:00,9999-12-31 23:59:59.999000+00:00,True
/bqx9ldEwZYH5WAxm9ZXprbd7xI=,56f068da-be17-42b8-bcca-bc8a6c0eb3f1,vQg4oCT0,field,2024-04-17 00:01:57.757000+00:00,2024-04-16 16:43:33.304000+00:00,2024-04-17 16:51:26.943000+00:00,False
IdGkdkS+0aXmpYimESNxG5VvHTY=,12c373eb-a30c-4dbb-a85f-333d0aa133f2,vQg4oCT0,field,2024-04-17 00:01:57.783000+00:00,2024-04-16 16:43:33.304000+00:00,2024-04-17 16:51:26.943000+00:00,False
xWj2O7l01ParfAlu8zAnEjqp/zM=,50d757dc-a47e-47d1-a2d9-e06c938eefda,e7hRQtSH,field,2023-05-09 15:55:47.574000+00:00,2023-03-02 21:15:53.713000+00:00,9999-12-31 23:59:59.999000+00:00,True
hWfPF5TP/nImwbG2x2117wD+7h4=,f7382265-439a-4f34-a6f7-1d52cdf0fbdc,PibwM1Mb,field,2023-05-09 15:57:35.813000+00:00,2021-05-20 02:50:50.154000+00:00,9999-12-31 23:59:59.999000+00:00,True
q+Xv7O7uxQjbscirePkxnpxUXhw=,24b514e5-b227-4350-a8c6-456e48f8f2b3,vgBnsZ5t,field,2023-05-09 15:57:40.261000+00:00,2021-04-13 19:03:18.853000+00:00,9999-12-31 23:59:59.999000+00:00,True
HxSer8wZ7QN+wUbqYmbxjkYUZiQ=,77967f8c-6be7-40a3-ac2e-062a713d4de1,e7hRQtSH,field,2023-05-09 15:55:47.575000+00:00,2023-03-02 21:15:53.713000+00:00,9999-12-31 23:59:59.999000+00:00,True
zuBDMZLInxjHOVhiy1PlVGRrqNE=,2c1b32b6-e361-475e-b48d-630dbb8d6b1b,wzxbYq72,field,2023-05-09 15:56:45.107000+00:00,2021-11-08 18:00:33.616000+00:00,9999-12-31 23:59:59.999000+00:00,True
vDqPpU1GntRxBh8NOqxHHU7oZZ0=,4fceacae-a888-4220-b439-dad4c12ac53c,sxgX6rXP,field,2023-05-09 15:55:29.407000+00:00,2023-04-27 22:28:19.957000+00:00,9999-12-31 23:59:59.999000+00:00,True
0RTMXoGKutBuGDbMakNLbaKfhL4=,16a0e9b8-aed7-46da-bd28-46d4639a5907,rqXardP6,field,2023-05-09 15:56:44.539000+00:00,2021-10-22 15:22:47.443000+00:00,9999-12-31 23:59:59.999000+00:00,True
n+XBezLYPFQ93/DMmbGmGuZx8dY=,7aef01ac-1284-4422-9984-86193457708e,vgBnsZ5t,field,2023-05-09 15:57:40.258000+00:00,2021-04-13 19:03:18.853000+00:00,9999-12-31 23:59:59.999000+00:00,True
f6iV+Yfxed1Vb8NjDgAbfVNvcD4=,11be5f48-c5f6-4bcd-93ba-9f64ed7630a7,wzxbYq72,field,2023-05-09 15:56:45.101000+00:00,2021-11-08 18:00:33.616000+00:00,9999-12-31 23:59:59.999000+00:00,True
jZmeolZ+MxERQfForAdR+kYm9Tk=,810af565-7384-424e-979b-966f900d0a16,e7hRQtSH,field,2023-05-09 15:55:47.574000+00:00,2023-03-02 21:15:53.713000+00:00,9999-12-31 23:59:59.999000+00:00,True
BCCOSb3ynaPt/F5Q/yKf4IxTyTk=,96e8ca27-178b-431d-b1a7-c2901dd0ae29,UKxdVnQv,field,2023-05-09 15:55:59.811000+00:00,2022-07-12 19:11:56.721000+00:00,9999-12-31 23:59:59.999000+00:00,True
XgMiCA0wP40FKDPjD9/Z3zdT0ds=,cba04447-ee6d-40b6-8a35-bfb6a85a159b,xs0tZs,field,2023-05-09 15:58:14.010000+00:00,2021-08-30 21:27:09.654000+00:00,9999-12-31 23:59:59.999000+00:00,True
TMWr1AaIEQNhf3OKJYRkt2JdyRU=,4ace27f2dfff33bc,vgBnsZ5t,field,2023-05-09 15:57:40.264000+00:00,2021-04-13 19:03:18.853000+00:00,9999-12-31 23:59:59.999000+00:00,True
Dh/JCxH4Du4aAzgwDiuu5XXa5gI=,01EYVEQPE2XNQKBXST2WDVXFDF,fvZ2fdz9,field,2023-05-09 15:57:52.827000+00:00,2021-06-04 22:32:02.167000+00:00,9999-12-31 23:59:59.999000+00:00,True
dlhuEwFBlB6JDZG7+xkm4yyjXXE=,32f48adf-bd0d-43aa-aa1e-060aa99ee5dd,qd1BXBHF,field,2023-05-09 15:55:43.380000+00:00,2023-01-05 17:17:58.643000+00:00,9999-12-31 23:59:59.999000+00:00,True
4emSFcIQWX7tdgTbeBRS4Fce1As=,0141c161-06c1-40b7-b525-17bb189e8d13,wzxbYq72,field,2023-05-09 15:56:45.106000+00:00,2021-11-08 18:00:33.616000+00:00,9999-12-31 23:59:59.999000+00:00,True
Z8xeeFnxsgwLeUEgEidBROEKhcg=,ec50e038-5d62-4a3c-afe1-e7fc191b9694,e7hRQtSH,field,2023-05-09 15:55:47.576000+00:00,2023-03-02 21:15:53.713000+00:00,9999-12-31 23:59:59.999000+00:00,True
eH09fJLvUWzz2WAE/1reXi7xRYY=,154c9d8a-91d2-44ac-ab2f-8c011b91fc0f,MKXagAlh,field,2023-05-09 15:57:28.729000+00:00,2021-07-22 14:55:18.641000+00:00,9999-12-31 23:59:59.999000+00:00,True
mt+Ci2Hibk3ByrxYlsDCtYwxg5Q=,9790c4c0-c4c0-4f12-8dbe-eebcada75e80,wzxbYq72,field,2023-05-09 15:56:45.105000+00:00,2021-11-08 18:00:33.616000+00:00,9999-12-31 23:59:59.999000+00:00,True
G41p6sojY7AivwaO3K3vp2AH6oY=,3eabc27c-d399-494e-8a45-07c6842dc642,vgBnsZ5t,field,2023-05-09 15:57:40.259000+00:00,2021-04-13 19:03:18.853000+00:00,9999-12-31 23:59:59.999000+00:00,True
D0F8TAlPXmbctO0oLNyK5yOdaaQ=,9e309c4a-c299-418c-875c-842d541f7491,UKxdVnQv,field,2023-05-09 15:55:59.811000+00:00,2022-07-12 19:11:56.721000+00:00,9999-12-31 23:59:59.999000+00:00,True
dlhuEwFBlB6JDZG7+xkm4yyjXXE=,32f48adf-bd0d-43aa-aa1e-060aa99ee5dd,kpF10uRx,field,2023-05-09 15:55:40.982000+00:00,2023-01-06 17:34:41.531000+00:00,9999-12-31 23:59:59.999000+00:00,True
Kidw75JoepB3EZYVEQ8IpjMwT/U=,4a577c2f-75bd-45fc-b021-bc491cc922fa,XsezE0qD,field,2023-05-09 15:56:18.389000+00:00,2022-06-15 17:07:46.599000+00:00,9999-12-31 23:59:59.999000+00:00,True
mtOBjcAFOyS/ksekziB3WQPLeMg=,e5a87a24-3295-40b6-a804-459fbf311221,XsezE0qD,field,2023-05-09 15:56:18.385000+00:00,2022-06-15 17:07:46.599000+00:00,9999-12-31 23:59:59.999000+00:00,True
MQdr6kYnY2va1D8pBRHMdUat7+I=,a017af0d-4670-472a-8bb9-e3575b2710fb,IVjxs9Xn,field,2023-06-02 02:30:19.944000+00:00,2023-06-01 21:37:50.029000+00:00,9999-12-31 23:59:59.999000+00:00,True
Z8xeeFnxsgwLeUEgEidBROEKhcg=,ec50e038-5d62-4a3c-afe1-e7fc191b9694,QCwykDBd,field,2023-06-20 20:30:21.790000+00:00,2023-06-20 17:00:22.740000+00:00,2023-07-05 14:50:10.967000+00:00,False
xWj2O7l01ParfAlu8zAnEjqp/zM=,50d757dc-a47e-47d1-a2d9-e06c938eefda,QCwykDBd,field,2023-06-20 20:30:21.777000+00:00,2023-06-20 17:00:22.740000+00:00,2023-07-05 14:50:10.967000+00:00,False
jZmeolZ+MxERQfForAdR+kYm9Tk=,810af565-7384-424e-979b-966f900d0a16,QCwykDBd,field,2023-06-20 20:30:21.782000+00:00,2023-06-20 17:00:22.740000+00:00,2023-07-05 14:50:10.967000+00:00,False
HxSer8wZ7QN+wUbqYmbxjkYUZiQ=,77967f8c-6be7-40a3-ac2e-062a713d4de1,QCwykDBd,field,2023-06-20 20:30:21.786000+00:00,2023-06-20 17:00:22.740000+00:00,2023-07-05 14:50:10.967000+00:00,False
2D5bGIzLjOr9Gz5ye+KM1zpjuVU=,c624444f-a78d-49fc-83ae-5b4118108236,CBJ5YM86,field,2023-09-16 02:29:42.397000+00:00,2023-09-15 21:18:07.585000+00:00,9999-12-31 23:59:59.999000+00:00,True
KanLzVsJNVqM+XX4ICv5hsviABY=,01HHQFHSKQPRDG81R238H3VN1J,fiht8i17,field,2024-01-29 20:29:29.729000+00:00,2024-01-29 19:43:26.436000+00:00,9999-12-31 23:59:59.999000+00:00,True
FLPzIWUoCfwEyuPsahcKho2f7pc=,356ef684-b7e9-4115-b435-e7c0176fade2,fiht8i17,field,2024-01-29 20:29:29.753000+00:00,2024-01-29 19:43:26.436000+00:00,9999-12-31 23:59:59.999000+00:00,True
6D7/+Mu4jSGyAEadL47QSLpTsII=,619d3104-45cd-4b5f-98c9-c2e2c581c462,vQg4oCT0,field,2024-04-23 00:02:19.388000+00:00,2024-04-22 16:53:15.693000+00:00,9999-12-31 23:59:59.999000+00:00,True
SHL3AfFgywqf1sgG6aO+D63cDv4=,60d9a6bc-ee6b-4660-8b93-860fef6b32a4,kpF10uRx,field,2023-05-09 15:55:40.984000+00:00,2023-01-06 17:34:41.531000+00:00,9999-12-31 23:59:59.999000+00:00,True
BhFZtdTeg7Ymsy8DQowAQ6ccCMU=,a10e7a4c-97e9-4717-9b49-7939bf583c43,CboEYzb7,field,2023-05-09 15:56:37.936000+00:00,2022-03-09 13:49:27.109000+00:00,9999-12-31 23:59:59.999000+00:00,True
3msZMy0lC76da2qzKO7vIuCQ22w=,5beb18ca-7b8d-45b6-b488-9046b8849f40,UVdQsqBZ,field,2023-05-09 15:57:39.664000+00:00,2021-04-08 15:01:30.909000+00:00,9999-12-31 23:59:59.999000+00:00,True
bxavJ/OIXkHySOAk7NUoAtRVk7E=,f7592e28-c299-43b8-a3fd-d2c7c983163e,Wez0q1nI,field,2023-05-09 15:58:12.286000+00:00,2023-03-30 19:05:43.137000+00:00,9999-12-31 23:59:59.999000+00:00,True
ypq8DMpjCmPwWtKImK9Y3II/bJk=,6f04a1bb-b183-4627-a121-425587c01214,wzxbYq72,field,2023-05-09 15:56:45.099000+00:00,2021-11-08 18:00:33.616000+00:00,9999-12-31 23:59:59.999000+00:00,True
aMGDvWkajLKhonHaxGo0Lu6nFes=,e6cd5661-e3f0-4386-abd8-327d73b250f1,XsezE0qD,field,2023-05-09 15:56:18.387000+00:00,2022-06-15 17:07:46.599000+00:00,9999-12-31 23:59:59.999000+00:00,True
XSrHZFHUyqT5/ngzdlAA1/YaWMQ=,04d74d74-d0a3-4d33-8e02-bee4f59ca6d7,wzxbYq72,field,2023-05-09 15:56:45.102000+00:00,2021-11-08 18:00:33.616000+00:00,9999-12-31 23:59:59.999000+00:00,True
65WEKlsLdD/0D2hcc7Z/PoUUJ68=,b93a120c-8ce9-4edc-8392-dc1b418ea46d,CBJ5YM86,field,2023-05-09 15:55:41.469000+00:00,2023-01-06 17:09:18.282000+00:00,9999-12-31 23:59:59.999000+00:00,True
a788B6HZ58BMLN8+o6Kj/FxhhZ0=,d08bae21-8441-4544-add0-e3fe4f127523,v5fs4MLL,field,2023-05-09 15:55:43.802000+00:00,2022-12-09 22:00:17.983000+00:00,9999-12-31 23:59:59.999000+00:00,True
eg6otJEFcjeeOaqHWnypyGiANPo=,01G7CAVWFVY6PT5NKPDDNVY4ZM,UKxdVnQv,field,2023-05-09 15:55:59.801000+00:00,2022-07-12 19:11:56.721000+00:00,9999-12-31 23:59:59.999000+00:00,True
O4x+CjL/0o7df0W5WKXdddWl3vM=,73498bf7-37a2-4155-845e-d15c0538298a,v5fs4MLL,field,2023-05-09 15:55:43.791000+00:00,2022-12-09 22:00:17.983000+00:00,9999-12-31 23:59:59.999000+00:00,True
qwuntNMaVw0JXRT0Qzo/zQHtfkU=,18b797cd-fef7-4889-8fea-872f223535bd,Wez0q1nI,field,2023-05-09 15:58:12.283000+00:00,2023-03-30 19:05:43.137000+00:00,9999-12-31 23:59:59.999000+00:00,True
yMcLa8d9n9437UjoUShf1g43JZY=,66ebb451-1c06-4e69-99b9-bc8f67ebee33,wzxbYq72,field,2023-05-09 15:56:45.103000+00:00,2021-11-08 18:00:33.616000+00:00,9999-12-31 23:59:59.999000+00:00,True
cBUNdGtjjNgug4F2riN0Gg8dYIY=,4a19d9e9-f3aa-4729-b523-57361abfd877,wzxbYq72,field,2023-05-09 15:56:45.096000+00:00,2021-11-08 18:00:33.616000+00:00,9999-12-31 23:59:59.999000+00:00,True
O4x+CjL/0o7df0W5WKXdddWl3vM=,73498bf7-37a2-4155-845e-d15c0538298a,fVpJAWb6,field,2023-05-09 15:55:47.254000+00:00,2022-11-15 16:44:11.724000+00:00,9999-12-31 23:59:59.999000+00:00,True
OlF37dCEYUsifJBPp1SNN8RgG3A=,9928b5837d1b5b8a,vgBnsZ5t,field,2023-05-09 15:57:40.262000+00:00,2021-04-13 19:03:18.853000+00:00,9999-12-31 23:59:59.999000+00:00,True
mdtFzjWXdoHFF+GMZTXlILVw20w=,72871dbc-18e1-46a8-a753-fc5d4d968371,kpF10uRx,field,2023-05-09 15:55:40.986000+00:00,2023-01-06 17:34:41.531000+00:00,9999-12-31 23:59:59.999000+00:00,True
mKlKJnR76IN84dwDArr20A2R35U=,13b4b75b-bba4-47ca-b15b-e0476318eddb,wzxbYq72,field,2023-05-09 15:56:45.098000+00:00,2021-11-08 18:00:33.616000+00:00,9999-12-31 23:59:59.999000+00:00,True
SHL3AfFgywqf1sgG6aO+D63cDv4=,60d9a6bc-ee6b-4660-8b93-860fef6b32a4,qd1BXBHF,field,2023-05-09 15:55:43.383000+00:00,2023-01-05 17:17:58.643000+00:00,9999-12-31 23:59:59.999000+00:00,True
psghpBOtd7g1QM4xuuKHsGz3VDg=,5043353f-cf9d-40dc-b7f2-4f3da9afaca2,F8jt6tYB,field,2023-05-09 15:57:59.399000+00:00,2021-09-29 16:48:40.646000+00:00,9999-12-31 23:59:59.999000+00:00,True
j7b+WeMoU2qd7EX/b1OD8RkHa6o=,9d264dec-a4fe-4b4a-846f-14b748f1cd33,xs0tZs,field,2023-05-09 15:58:14.011000+00:00,2021-08-30 21:27:09.654000+00:00,9999-12-31 23:59:59.999000+00:00,True
HWXL7oBP1eIJeyqqAqUEtdjeIZw=,01GY0TZV3WJZ24RSPPVP6ZEEG7,sxgX6rXP,field,2023-05-09 15:55:29.400000+00:00,2023-04-27 22:28:19.957000+00:00,9999-12-31 23:59:59.999000+00:00,True
psghpBOtd7g1QM4xuuKHsGz3VDg=,5043353f-cf9d-40dc-b7f2-4f3da9afaca2,yud5HMZ4,field,2023-05-09 15:56:43.480000+00:00,2022-10-23 18:47:45.935000+00:00,9999-12-31 23:59:59.999000+00:00,True
0l4/WWZIGn8vhLZDMKbkPhBzq2Q=,e313adb6-9fb4-40f7-b039-81f1847dadaa,wzxbYq72,field,2023-05-09 15:56:45.099000+00:00,2021-11-08 18:00:33.616000+00:00,9999-12-31 23:59:59.999000+00:00,True
UmLSYJMV3RHLLDeIlhBT1k7cQ+8=,ff79c04c-6a24-4bef-9471-afdf5ab9a702,PibwM1Mb,field,2023-05-09 15:57:35.812000+00:00,2021-05-20 02:50:50.154000+00:00,9999-12-31 23:59:59.999000+00:00,True
I9jLSANaAuaQR9pCTA4+J8stBkc=,6e765dc1-c09a-435d-813b-8eb304a04f5a,e7hRQtSH,field,2023-06-01 02:30:46.144000+00:00,2023-05-31 22:39:31.448000+00:00,9999-12-31 23:59:59.999000+00:00,True
I9jLSANaAuaQR9pCTA4+J8stBkc=,6e765dc1-c09a-435d-813b-8eb304a04f5a,QCwykDBd,field,2023-06-20 20:30:21.795000+00:00,2023-06-20 17:00:22.740000+00:00,2023-07-05 14:50:10.967000+00:00,False
5d4oHj2ZXl4qZSctHp8wUBmvtHg=,4ad53e00-004b-42fd-aba1-8ddb8a07fd53,PNWzUBMi,field,2023-07-07 02:30:09.311000+00:00,2023-07-07 00:48:10.360000+00:00,9999-12-31 23:59:59.999000+00:00,True
f9D+DeJVWbe1ZB5WFrd1nVBK71I=,c6dfd320-2c41-45a6-8c65-034c57b4db13,CBJ5YM86,field,2023-12-01 14:55:41.102000+00:00,2023-11-30 19:03:28.366000+00:00,9999-12-31 23:59:59.999000+00:00,True
xSavlkylpSgf8iV1gov7LvuYXEs=,891e1b47-ecee-4351-9285-7ce103bfe45d,CBJ5YM86,field,2023-12-01 14:55:41.107000+00:00,2023-11-30 19:03:28.366000+00:00,9999-12-31 23:59:59.999000+00:00,True
FEhJiPBOwnpQgzMSsBwPU3W4NPw=,916e882b-5e01-4697-b5eb-95a18509b593,CBJ5YM86,field,2023-12-01 14:55:41.110000+00:00,2023-11-30 19:03:28.366000+00:00,9999-12-31 23:59:59.999000+00:00,True
EH9T/rlYjk6urgtfUX5RrDATcsU=,01HM9JVAZWSWJH1D7WE29CQK24,aLoJGhPX,field,2024-01-26 20:29:32.745000+00:00,2024-01-26 16:38:11.783000+00:00,9999-12-31 23:59:59.999000+00:00,True
ST4UP2nVrxMXgSs3yz4bhkglf2E=,0561a1a1-749c-417a-b26b-ee69a7340f08,sGqsMGlv,field,2024-03-22 00:03:21.179000+00:00,2024-03-21 21:11:22.413000+00:00,9999-12-31 23:59:59.999000+00:00,True
NYFBrWt6KFfJQnqs4kujhAWnT3s=,ba282e5b-94e1-452e-8a07-fca30ce2c57e,sGqsMGlv,field,2024-03-22 00:03:21.152000+00:00,2024-03-21 21:11:22.413000+00:00,9999-12-31 23:59:59.999000+00:00,True
NYFBrWt6KFfJQnqs4kujhAWnT3s=,ba282e5b-94e1-452e-8a07-fca30ce2c57e,vQg4oCT0,field,2024-04-17 00:01:57.778000+00:00,2024-04-16 16:43:33.304000+00:00,9999-12-31 23:59:59.999000+00:00,True
ST4UP2nVrxMXgSs3yz4bhkglf2E=,0561a1a1-749c-417a-b26b-ee69a7340f08,vQg4oCT0,field,2024-04-17 00:01:57.767000+00:00,2024-04-16 16:43:33.304000+00:00,2024-04-22 16:53:15.692000+00:00,False
owHzMJa2dLFkO9vHURy6acwkomg=,3fb9cdbf-887f-47df-b435-e5d700b92696,mP8GzNoV,field,2023-05-09 15:56:24.092000+00:00,2023-02-27 20:42:44.975000+00:00,9999-12-31 23:59:59.999000+00:00,True
Kw2nIJkGuM427sYRSJdR6fqSs3g=,549953f8-ba2d-47d2-892a-cd4d02b9bb31,wzxbYq72,field,2023-05-09 15:56:45.106000+00:00,2021-11-08 18:00:33.616000+00:00,9999-12-31 23:59:59.999000+00:00,True
NHOum4Na+OssrFAKR2jZxArfQlE=,3ed7e033-06ed-4a22-9c9a-6becc33cc43e,CBJ5YM86,field,2023-05-09 15:55:41.471000+00:00,2023-01-06 17:09:18.282000+00:00,9999-12-31 23:59:59.999000+00:00,True
JWutyG/nzryA9dgLs8ITIgIvey8=,01EZ5W56CMBTHAZ9N683Z8YWGJ,gmvhyLfk,field,2023-05-09 15:56:41.848000+00:00,2022-03-06 03:43:59.512000+00:00,9999-12-31 23:59:59.999000+00:00,True
Kjd3UxUcMUGOCxKuOw9pQc3km3I=,c0f04a45-35a1-4d73-a782-77385ae219db,vgBnsZ5t,field,2023-05-09 15:57:40.268000+00:00,2021-04-13 19:03:18.853000+00:00,9999-12-31 23:59:59.999000+00:00,True
1y+zDaHSn2mB5Ccz4nUyK8U7Z1A=,b9b16f79-739c-48bb-8d40-615937a2d40d,XsezE0qD,field,2023-05-09 15:56:18.386000+00:00,2022-06-15 17:07:46.599000+00:00,9999-12-31 23:59:59.999000+00:00,True
SlRESWarojHFelOnWUhMYVC58Ts=,01GNZ3ZQK02GBWJ3VBB7ANKBX5,CBJ5YM86,field,2023-05-09 15:55:41.465000+00:00,2023-01-06 17:09:18.282000+00:00,9999-12-31 23:59:59.999000+00:00,True
m8ezgYuKHYowSmcWSeu0sbWySMQ=,05b957b2-0114-4889-bfd4-9b92baab5ad9,wzxbYq72,field,2023-05-09 15:56:45.094000+00:00,2021-11-08 18:00:33.616000+00:00,9999-12-31 23:59:59.999000+00:00,True
vyJecv2/THQ8qtlUWYaZp1rgr+U=,ce9cbeed-4832-4509-ba3b-e29ff6b5bf12,Wez0q1nI,field,2023-05-09 15:58:12.287000+00:00,2023-03-30 19:05:43.137000+00:00,9999-12-31 23:59:59.999000+00:00,True
mxiWzfCycBRipeHWgCaBPcTyc9A=,73eff861-3ad6-4e40-88cd-fb7171496732,xaHb3xw2,field,2023-05-09 15:56:46.689000+00:00,2021-10-20 01:16:14.356000+00:00,9999-12-31 23:59:59.999000+00:00,True
g1ppNpygebiClFM1rer5CrL/Xtc=,1d13db75-8ea5-4d6d-adf8-f70303aa437b,vgBnsZ5t,field,2023-05-09 15:57:40.273000+00:00,2021-04-13 19:03:18.853000+00:00,9999-12-31 23:59:59.999000+00:00,True
JWutyG/nzryA9dgLs8ITIgIvey8=,01EZ5W56CMBTHAZ9N683Z8YWGJ,dXOhQhOt,field,2023-05-09 15:56:47.014000+00:00,2021-10-27 15:36:50.842000+00:00,9999-12-31 23:59:59.999000+00:00,True
iz0JltpjFbk7NddX16RaQnafWgc=,4fee5b85-b6d4-441d-84ab-ed7958110188,MKXagAlh,field,2023-05-09 15:57:28.733000+00:00,2021-07-22 14:55:18.641000+00:00,9999-12-31 23:59:59.999000+00:00,True
KP+QmgKNYV/cW0ju3Pzq1dDFo90=,f00d24ff-f5d5-43c2-b96a-5d5709442945,e7hRQtSH,field,2023-05-09 15:55:47.567000+00:00,2023-03-02 21:15:53.713000+00:00,9999-12-31 23:59:59.999000+00:00,True
uwL3cBOIv8lnslAr6UU9g3MKMyA=,eb605cf2-751e-4456-92f2-b9bc8cc67076,v5fs4MLL,field,2023-05-09 15:55:43.795000+00:00,2022-12-09 22:00:17.983000+00:00,9999-12-31 23:59:59.999000+00:00,True
r+z0Zut6VRnbDLtMJOwlUF9jma4=,84bc2b14-058c-4296-ae34-4666f13bee3b,UKxdVnQv,field,2023-05-09 15:55:59.812000+00:00,2022-07-12 19:11:56.721000+00:00,9999-12-31 23:59:59.999000+00:00,True
Z8f1QanPW5HuV9eCDiLuujfglx8=,3bdb7396-51c3-4598-9588-88104c5b1b9f,wzxbYq72,field,2023-05-09 15:56:45.096000+00:00,2021-11-08 18:00:33.616000+00:00,9999-12-31 23:59:59.999000+00:00,True
iUF1NssF/aB2vM3VlBoPGBfT7R4=,9b52bae4-7bae-411a-9b3f-22340e9a97e2,rqXardP6,field,2023-05-09 15:56:44.537000+00:00,2021-10-22 15:22:47.443000+00:00,9999-12-31 23:59:59.999000+00:00,True
83RCrK8qYOa3ixmJ5/reKwQ3jwI=,7f8db722-4dab-4478-b168-516c1b7cca46,MKXagAlh,field,2023-05-09 15:57:28.734000+00:00,2021-07-22 14:55:18.641000+00:00,9999-12-31 23:59:59.999000+00:00,True
JWutyG/nzryA9dgLs8ITIgIvey8=,01EZ5W56CMBTHAZ9N683Z8YWGJ,tfFJLomK,field,2023-05-09 15:56:12.392000+00:00,2022-06-24 15:24:46.550000+00:00,9999-12-31 23:59:59.999000+00:00,True
JWutyG/nzryA9dgLs8ITIgIvey8=,01EZ5W56CMBTHAZ9N683Z8YWGJ,Jr3UXdoc,field,2023-05-09 15:55:59.076000+00:00,2022-11-01 19:12:29.276000+00:00,9999-12-31 23:59:59.999000+00:00,True
COvT/HwkcxzNYoxrOWoFb/E3uZw=,d5f30323-96c4-4eb5-b015-0f791df92a81,Wez0q1nI,field,2023-05-09 15:58:12.286000+00:00,2023-03-30 19:05:43.137000+00:00,9999-12-31 23:59:59.999000+00:00,True
k5mL+Ah1YwFUooXxuAlTgVuoHoM=,9b5af2da-7b74-4833-bfc4-867e1125376d,XsezE0qD,field,2023-05-09 15:56:18.383000+00:00,2022-06-15 17:07:46.599000+00:00,9999-12-31 23:59:59.999000+00:00,True
Si3CgagGqEaXmF71UOYpXYjMhjg=,2df4674b-4cd3-465a-9df4-cbde09a74da6,wzxbYq72,field,2023-05-09 15:56:45.100000+00:00,2021-11-08 18:00:33.616000+00:00,9999-12-31 23:59:59.999000+00:00,True
JWutyG/nzryA9dgLs8ITIgIvey8=,01EZ5W56CMBTHAZ9N683Z8YWGJ,LzAPLKMT,field,2023-05-09 15:56:38.338000+00:00,2022-03-08 01:20:51.009000+00:00,9999-12-31 23:59:59.999000+00:00,True
f5iUWcwc1X0NovU2TZ6VMopQ3XQ=,5b5c66f8-2637-4576-8c7e-e30871a595c3,UKxdVnQv,field,2023-05-09 15:55:59.805000+00:00,2022-07-12 19:11:56.721000+00:00,9999-12-31 23:59:59.999000+00:00,True
JWutyG/nzryA9dgLs8ITIgIvey8=,01EZ5W56CMBTHAZ9N683Z8YWGJ,j7mMhWyf,field,2023-05-09 15:55:32.112000+00:00,2023-03-14 22:16:44.319000+00:00,9999-12-31 23:59:59.999000+00:00,True
KP+QmgKNYV/cW0ju3Pzq1dDFo90=,f00d24ff-f5d5-43c2-b96a-5d5709442945,QCwykDBd,field,2023-06-20 20:30:21.720000+00:00,2023-06-20 17:00:22.740000+00:00,2023-07-05 14:50:10.967000+00:00,False
2faBooWMSgdtvhe0t+NUmpSkLbU=,01H4M1ANP1SDPM8SVZPB2HH0N1,PNWzUBMi,field,2023-07-07 02:30:09.304000+00:00,2023-07-07 00:48:10.360000+00:00,9999-12-31 23:59:59.999000+00:00,True
DqRSFW6BX+tEZXbcboTwazuKRss=,1b67aa41-102f-423e-b2d5-bd689e4bcd34,LzxHvwVm,field,2023-11-22 20:29:31.163000+00:00,2023-11-22 18:54:28.149000+00:00,9999-12-31 23:59:59.999000+00:00,True
/9l0SFw3ZJlhxPt4N2e3pBQpEV4=,65a1a17a-3afd-4eb5-8e4b-bc4720ccec51,fiht8i17,field,2024-01-29 20:29:29.745000+00:00,2024-01-29 19:43:26.436000+00:00,9999-12-31 23:59:59.999000+00:00,True
zvAQHzKAtXkVxxJTQ8WyoK+lh4c=,1256c8f0-4967-4516-8514-034bb0a0c72e,fiht8i17,field,2024-01-29 20:29:29.738000+00:00,2024-01-29 19:43:26.436000+00:00,9999-12-31 23:59:59.999000+00:00,True
7H3th+M0VDHJdE0W6g4KmJmrChw=,a88b69c1-1938-4ea7-a62f-66ccd9f0c67d,vQg4oCT0,field,2024-04-18 00:02:47.740000+00:00,2024-04-17 16:51:26.944000+00:00,2024-04-22 16:53:15.692000+00:00,False
