_fivetran_id,form_id,logic_action_fivetran_id,type,op,value,_fivetran_synced,_fivetran_start,_fivetran_end,_fivetran_active
VPB68ANY7mnoxp01Tw++ravNuL0=,UVdQsqBZ,1HZxjhtOWFq2evtXX2dhR6MDirw=,field,,5beb18ca-7b8d-45b6-b488-9046b8849f40,2023-05-09 15:57:39.665000+00:00,2021-04-08 15:01:30.909000+00:00,9999-12-31 23:59:59.999000+00:00,True
mA04PSUTCWrnX2Ma0m0Pkx1tNi8=,v5fs4MLL,/CltfXaER0eeTQukaGngpGCAjnw=,field,,01F6Q3NT10FPM0ACSKH0F7ZV6D,2023-05-09 15:55:43.814000+00:00,2022-12-09 22:00:17.983000+00:00,9999-12-31 23:59:59.999000+00:00,True
QumF2FSI9sqb+woBLvfQy57R/o4=,kpF10uRx,jxkNV4XKpnPyY4Y46LKcKQo/4vU=,constant,,true,2023-05-09 15:55:40.987000+00:00,2023-01-06 17:34:41.531000+00:00,9999-12-31 23:59:59.999000+00:00,True
Jznl5ECuIManjhJU9bydrqmIJg0=,v5fs4MLL,3Ob3RX6y8SMncfo0xTkNriM3fEQ=,field,,eb605cf2-751e-4456-92f2-b9bc8cc67076,2023-05-09 15:55:43.796000+00:00,2022-12-09 22:00:17.983000+00:00,9999-12-31 23:59:59.999000+00:00,True
BSpSuZDdAVW0lkZbY3LdwpNJwfk=,UVdQsqBZ,1HZxjhtOWFq2evtXX2dhR6MDirw=,constant,,false,2023-05-09 15:57:39.665000+00:00,2021-04-08 15:01:30.909000+00:00,9999-12-31 23:59:59.999000+00:00,True
bE2nQUB+xVLs8ZksaKozNkMk5sA=,v5fs4MLL,pxeegpvgK9u5EXKoG5ur4C7ysDY=,field,,d08bae21-8441-4544-add0-e3fe4f127523,2023-05-09 15:55:43.804000+00:00,2022-12-09 22:00:17.983000+00:00,9999-12-31 23:59:59.999000+00:00,True
PKYrnt1bVZuatVw6NljEzsZC5q0=,v5fs4MLL,8IbviDGQUdtU4/RSZuvci+2m5dI=,choice,,60501d06-5e34-4568-b370-44fb5fa3b850,2023-05-09 15:55:43.802000+00:00,2022-12-09 22:00:17.983000+00:00,9999-12-31 23:59:59.999000+00:00,True
2Qn+hb39UpphchQPdsyDICemhY8=,v5fs4MLL,5ItHefQxgQalUl6rIoKiRYtGoxE=,choice,,56e89665-bec6-4545-888f-e7e0ff1e9f54,2023-05-09 15:55:43.792000+00:00,2022-12-09 22:00:17.983000+00:00,9999-12-31 23:59:59.999000+00:00,True
tXSlA77DPTm+R1Y6XSwShTdYskg=,Wez0q1nI,DdhVFrtH9D8G+5W1/yxLlWy4HV0=,field,,18b797cd-fef7-4889-8fea-872f223535bd,2023-05-09 15:58:12.283000+00:00,2023-03-30 19:05:43.137000+00:00,9999-12-31 23:59:59.999000+00:00,True
Vu2TooljlhHjRtFJdJNuiDMStU8=,v5fs4MLL,KzITxr21mDgKzCWUkg1FmcHQ/jY=,choice,,6e38a5f3-3ac4-48ac-820a-50941c4ca2fa,2023-05-09 15:55:43.803000+00:00,2022-12-09 22:00:17.983000+00:00,9999-12-31 23:59:59.999000+00:00,True
52VIf0o7F2VtxBSOcEM5zbtfqY0=,qd1BXBHF,7cgxMnhVgHHmAne7fvplHuzSaLo=,field,,60d9a6bc-ee6b-4660-8b93-860fef6b32a4,2023-05-09 15:55:43.384000+00:00,2023-01-05 17:17:58.643000+00:00,9999-12-31 23:59:59.999000+00:00,True
yJ+1bnsbzx+cUCP8nG3iTxLqkUs=,xaHb3xw2,FK/iF+ECG4WDdPfNFdJhclMnX1g=,choice,,30385718-ca2c-4c0d-afb5-c632f6e7490e,2023-05-09 15:56:46.690000+00:00,2021-10-20 01:16:14.356000+00:00,9999-12-31 23:59:59.999000+00:00,True
HDX9WclnzhelFcsdcrE8zYsyCVg=,XsezE0qD,Nvt2uT3VRYqzW6NvFnf105Z2KiY=,choice,,4115ce91-e272-4337-aa88-b67e42932d1d,2023-05-09 15:56:18.389000+00:00,2022-06-15 17:07:46.599000+00:00,9999-12-31 23:59:59.999000+00:00,True
BSpSuZDdAVW0lkZbY3LdwpNJwfk=,wzxbYq72,0x7xkascrmPIJnu2Gvp2qrqjJPY=,constant,,false,2023-05-09 15:56:45.098000+00:00,2021-11-08 18:00:33.616000+00:00,9999-12-31 23:59:59.999000+00:00,True
BSpSuZDdAVW0lkZbY3LdwpNJwfk=,wzxbYq72,Ih2VP3FGW7wC2Nbjerot74fYm2g=,constant,,false,2023-05-09 15:56:45.101000+00:00,2021-11-08 18:00:33.616000+00:00,9999-12-31 23:59:59.999000+00:00,True
BSpSuZDdAVW0lkZbY3LdwpNJwfk=,wzxbYq72,Q8iuadWPcTPUTD+ZI6+oBf+wJm0=,constant,,false,2023-05-09 15:56:45.099000+00:00,2021-11-08 18:00:33.616000+00:00,9999-12-31 23:59:59.999000+00:00,True
mA04PSUTCWrnX2Ma0m0Pkx1tNi8=,fVpJAWb6,F6tOZhNrfxv3E6wovzPHHcCB+D4=,field,,01F6Q3NT10FPM0ACSKH0F7ZV6D,2023-05-09 15:55:47.251000+00:00,2022-11-15 16:44:11.724000+00:00,9999-12-31 23:59:59.999000+00:00,True
Jznl5ECuIManjhJU9bydrqmIJg0=,v5fs4MLL,oBBznpDacmOzBLR9jAQSKZ2lutI=,field,,eb605cf2-751e-4456-92f2-b9bc8cc67076,2023-05-09 15:55:43.798000+00:00,2022-12-09 22:00:17.983000+00:00,9999-12-31 23:59:59.999000+00:00,True
BSpSuZDdAVW0lkZbY3LdwpNJwfk=,wzxbYq72,Kh3+Peo7XAD/kRqGAdFInEbPohQ=,constant,,false,2023-05-09 15:56:45.097000+00:00,2021-11-08 18:00:33.616000+00:00,9999-12-31 23:59:59.999000+00:00,True
sifC6WHwncbYEigXKl99G6wK9ZM=,e7hRQtSH,jas/iJGsGrwWK93dkWFVZn4VoJQ=,field,,f00d24ff-f5d5-43c2-b96a-5d5709442945,2023-05-09 15:55:47.572000+00:00,2023-03-02 21:15:53.713000+00:00,9999-12-31 23:59:59.999000+00:00,True
imRvXjlOxPfZHxthw0yKWbwCNFw=,CBJ5YM86,dV5xHxJh3eD5bf2PM1g+muJL4LM=,choice,,0da9ddf0-5c49-49b2-b5a2-13b8d9ff135d,2023-05-09 15:55:41.468000+00:00,2023-01-06 17:09:18.282000+00:00,9999-12-31 23:59:59.999000+00:00,True
sifC6WHwncbYEigXKl99G6wK9ZM=,e7hRQtSH,7UIVEc2P922fTd1AIS7L6MJ9J0g=,field,,f00d24ff-f5d5-43c2-b96a-5d5709442945,2023-06-01 02:30:46.136000+00:00,2023-05-31 22:39:31.448000+00:00,9999-12-31 23:59:59.999000+00:00,True
bE2nQUB+xVLs8ZksaKozNkMk5sA=,v5fs4MLL,ntipJqyeO1WTvuNlmAk2GY06Nxs=,field,,d08bae21-8441-4544-add0-e3fe4f127523,2023-05-09 15:55:43.806000+00:00,2022-12-09 22:00:17.983000+00:00,9999-12-31 23:59:59.999000+00:00,True
7A8SkmBFrenTuKGwn8jejO6C8I0=,v5fs4MLL,oiZbbiMpzuPXlG90S9f8rWgDWeo=,choice,,2ac34eb9-c92c-4dfd-be5a-2715ace5470e,2023-05-09 15:55:43.806000+00:00,2022-12-09 22:00:17.983000+00:00,9999-12-31 23:59:59.999000+00:00,True
Jznl5ECuIManjhJU9bydrqmIJg0=,v5fs4MLL,R/BdSPbVnKf7wRqKFnHBCH4Furs=,field,,eb605cf2-751e-4456-92f2-b9bc8cc67076,2023-05-09 15:55:43.798000+00:00,2022-12-09 22:00:17.983000+00:00,9999-12-31 23:59:59.999000+00:00,True
EP1XGSypWUMvaWruQ6czel9zgew=,Jr3UXdoc,WyIWeNhBkWaBRIx/ixe35A/7qNU=,,is,,2023-05-09 15:55:59.076000+00:00,2022-11-01 19:12:29.276000+00:00,9999-12-31 23:59:59.999000+00:00,True
BmqebfdcPO8Zf/4jd036IWwKBPM=,Wez0q1nI,RWV1cH6IFOffV+UZe7G+HETKo6M=,choice,,50d669d7-073f-4213-969b-4995b64b6d3d,2023-05-09 15:58:12.285000+00:00,2023-03-30 19:05:43.137000+00:00,9999-12-31 23:59:59.999000+00:00,True
7+F4X7dt4OUbE2x3Tuob4kyp+Hw=,XsezE0qD,jFtv+JbnEITGH/Y8yrmSoXCFgSY=,choice,,c22dc4e6-09b8-4310-b12d-b01d94d0dba2,2023-05-09 15:56:18.386000+00:00,2022-06-15 17:07:46.599000+00:00,9999-12-31 23:59:59.999000+00:00,True
EP1XGSypWUMvaWruQ6czel9zgew=,dXOhQhOt,WyIWeNhBkWaBRIx/ixe35A/7qNU=,,is,,2023-05-09 15:56:47.015000+00:00,2021-10-27 15:36:50.842000+00:00,9999-12-31 23:59:59.999000+00:00,True
bE2nQUB+xVLs8ZksaKozNkMk5sA=,v5fs4MLL,MK0RTZECAfw8XM1KpYs0sEXFin0=,field,,d08bae21-8441-4544-add0-e3fe4f127523,2023-05-09 15:55:43.805000+00:00,2022-12-09 22:00:17.983000+00:00,9999-12-31 23:59:59.999000+00:00,True
3UjhJfvQe3kEi4xIsqPNuIdcTG0=,Wez0q1nI,DdhVFrtH9D8G+5W1/yxLlWy4HV0=,choice,,05055eae-2158-4fe0-85f8-2ab6e01f3517,2023-05-09 15:58:12.284000+00:00,2023-03-30 19:05:43.137000+00:00,9999-12-31 23:59:59.999000+00:00,True
o5DsHPlstpMW8vd0OuBlpR3NwrU=,mP8GzNoV,EM5x0SKlybSfYtSewe1C4XEagj4=,choice,,c845df3f-7d6c-40d3-b2f9-855f76e53f6e,2023-05-09 15:56:24.093000+00:00,2023-02-27 20:42:44.975000+00:00,9999-12-31 23:59:59.999000+00:00,True
BSpSuZDdAVW0lkZbY3LdwpNJwfk=,qd1BXBHF,LhcmWM8vEA5fZO5hTm7ODOMwEB8=,constant,,false,2023-05-09 15:55:43.382000+00:00,2023-01-05 17:17:58.643000+00:00,9999-12-31 23:59:59.999000+00:00,True
BSpSuZDdAVW0lkZbY3LdwpNJwfk=,wzxbYq72,jEbg0eqOBGUYfikfiX9/wCTqlZg=,constant,,false,2023-05-09 15:56:45.096000+00:00,2021-11-08 18:00:33.616000+00:00,9999-12-31 23:59:59.999000+00:00,True
wfC60mtOdjKUGW0gZGZ0jbCWstE=,wzxbYq72,Z0FlNPQe5bzbVx5kR9rJcbI8kKE=,field,,05b957b2-0114-4889-bfd4-9b92baab5ad9,2023-05-09 15:56:45.095000+00:00,2021-11-08 18:00:33.616000+00:00,9999-12-31 23:59:59.999000+00:00,True
beInZLGH6jytC3OqfX9rXZC14yE=,wzxbYq72,Kh3+Peo7XAD/kRqGAdFInEbPohQ=,field,,3bdb7396-51c3-4598-9588-88104c5b1b9f,2023-05-09 15:56:45.097000+00:00,2021-11-08 18:00:33.616000+00:00,9999-12-31 23:59:59.999000+00:00,True
7TBXrFkXBYGbMxGX4iYWGNAVQi8=,qd1BXBHF,LhcmWM8vEA5fZO5hTm7ODOMwEB8=,field,,32f48adf-bd0d-43aa-aa1e-060aa99ee5dd,2023-05-09 15:55:43.382000+00:00,2023-01-05 17:17:58.643000+00:00,9999-12-31 23:59:59.999000+00:00,True
QumF2FSI9sqb+woBLvfQy57R/o4=,kpF10uRx,7cgxMnhVgHHmAne7fvplHuzSaLo=,constant,,true,2023-05-09 15:55:40.985000+00:00,2023-01-06 17:34:41.531000+00:00,9999-12-31 23:59:59.999000+00:00,True
EP1XGSypWUMvaWruQ6czel9zgew=,LzAPLKMT,WyIWeNhBkWaBRIx/ixe35A/7qNU=,,is,,2023-05-09 15:56:38.339000+00:00,2022-03-08 01:20:51.009000+00:00,9999-12-31 23:59:59.999000+00:00,True
tXSlA77DPTm+R1Y6XSwShTdYskg=,Wez0q1nI,G0/+J6sfV7INwReSAfXFt18IMsA=,field,,18b797cd-fef7-4889-8fea-872f223535bd,2023-05-09 15:58:12.286000+00:00,2023-03-30 19:05:43.137000+00:00,9999-12-31 23:59:59.999000+00:00,True
znjTNKpFuvlt2emEI4drzrF/VW0=,v5fs4MLL,6VLUdOgIGt7SfB8Aryj74FFpEVk=,choice,,c4d37ffd-9450-4a09-ada0-756921e8e01a,2023-05-09 15:55:43.797000+00:00,2022-12-09 22:00:17.983000+00:00,9999-12-31 23:59:59.999000+00:00,True
Znq7fxR+puVYZlyWA6JGy98tP4U=,v5fs4MLL,PXoYpRsYMvp4yBvekEvClO7exBY=,choice,,56c09b86-0774-48a4-9423-68e0855c07b6,2023-05-09 15:55:43.810000+00:00,2022-12-09 22:00:17.983000+00:00,9999-12-31 23:59:59.999000+00:00,True
MY2wsUhc3stIANLuINGQuzKHcNM=,CBJ5YM86,dV5xHxJh3eD5bf2PM1g+muJL4LM=,field,,01GNZ3ZQK02GBWJ3VBB7ANKBX5,2023-05-09 15:55:41.467000+00:00,2023-01-06 17:09:18.282000+00:00,9999-12-31 23:59:59.999000+00:00,True
zvZpbT1L2bUq/JKBte7AzANI01U=,IVjxs9Xn,au17ZaUZOqiAt2ISKEJCRVXXf/Y=,choice,,0ae9accd-eaaa-4448-bea5-5c149d7ce300,2023-06-02 02:30:19.954000+00:00,2023-06-01 21:37:50.029000+00:00,9999-12-31 23:59:59.999000+00:00,True
jesx1sJqpG2PR4EGFiKksErhEb8=,QCwykDBd,7UIVEc2P922fTd1AIS7L6MJ9J0g=,choice,,bf97f4a9-3b03-4d4f-9624-bd535ad58e7c,2023-06-20 20:30:21.764000+00:00,2023-06-20 17:00:22.740000+00:00,2023-07-05 14:50:10.967000+00:00,False
hWMAB6+JIaRGy6637Apk8gKiZXA=,QCwykDBd,lExWratz8td5kUv7KxUGbJGDVq8=,choice,,1c81360b-6b86-4743-b29a-4f7bf5466f17,2023-06-20 20:30:21.750000+00:00,2023-06-20 17:00:22.740000+00:00,2023-07-05 14:50:10.967000+00:00,False
sifC6WHwncbYEigXKl99G6wK9ZM=,QCwykDBd,jas/iJGsGrwWK93dkWFVZn4VoJQ=,field,,f00d24ff-f5d5-43c2-b96a-5d5709442945,2023-06-20 20:30:21.758000+00:00,2023-06-20 17:00:22.740000+00:00,2023-07-05 14:50:10.967000+00:00,False
49lvJiZKKQj4DmZJJ5TwXwAaczA=,LzxHvwVm,jc9vzvGDtY5dp/yyjmflmyGnrj0=,field,,1b67aa41-102f-423e-b2d5-bd689e4bcd34,2023-11-22 20:29:31.168000+00:00,2023-11-22 18:54:28.149000+00:00,9999-12-31 23:59:59.999000+00:00,True
I2gzDBwfN/ywGeRUgWIUyWpnD8k=,CBJ5YM86,P6KW1y1apnLf7O/VOysQuz7qRqI=,choice,,eb121c94-03d1-4512-b235-6d1d37a588a7,2023-12-01 14:55:41.125000+00:00,2023-11-30 19:03:28.366000+00:00,9999-12-31 23:59:59.999000+00:00,True
mA04PSUTCWrnX2Ma0m0Pkx1tNi8=,fVpJAWb6,frhm6SAU7ptOavx3mKkxYXKWrKY=,field,,01F6Q3NT10FPM0ACSKH0F7ZV6D,2023-05-09 15:55:47.253000+00:00,2022-11-15 16:44:11.724000+00:00,9999-12-31 23:59:59.999000+00:00,True
Jznl5ECuIManjhJU9bydrqmIJg0=,v5fs4MLL,cg45e6cmdzlGlXX9C9qa91+JsvE=,field,,eb605cf2-751e-4456-92f2-b9bc8cc67076,2023-05-09 15:55:43.800000+00:00,2022-12-09 22:00:17.983000+00:00,9999-12-31 23:59:59.999000+00:00,True
hEW6qpVQaVwTX8moa432OtDe/Jo=,PibwM1Mb,eS8o0d/KtJWG13Alh1ZuCb6ndUg=,choice,,2ecc2699-029f-465f-93bd-97531bea1837,2023-05-09 15:57:35.812000+00:00,2021-05-20 02:50:50.154000+00:00,9999-12-31 23:59:59.999000+00:00,True
81Qq3o89Pu7oR70P94Bhtjm/VdQ=,v5fs4MLL,R/BdSPbVnKf7wRqKFnHBCH4Furs=,choice,,16a3939a-8742-4b9a-a93c-b3e7f4803641,2023-05-09 15:55:43.799000+00:00,2022-12-09 22:00:17.983000+00:00,9999-12-31 23:59:59.999000+00:00,True
8oYXNhxaRfG6/UwDEjn48dnfWIM=,v5fs4MLL,0RusE7FtvaXx8OVtCSsBI34rZZ8=,choice,,4db542f6-560e-471f-a3a5-1d8da0df0da0,2023-05-09 15:55:43.800000+00:00,2022-12-09 22:00:17.983000+00:00,9999-12-31 23:59:59.999000+00:00,True
68Yw2xBBeWA98cvAzOqbGyG0TGA=,v5fs4MLL,8rzA9NkCfG482qqF6n/PBZrC4CM=,choice,,5a5342e0-45d4-4d54-bd58-ba43545e1904,2023-05-09 15:55:43.813000+00:00,2022-12-09 22:00:17.983000+00:00,9999-12-31 23:59:59.999000+00:00,True
OinfzerBzQ/SJYqVLoYEX87kZOI=,Xq3iQG7A,8qPBg6CaXcrllXcQhwvTLwHWaUE=,choice,,6ea4030b-e558-4c23-b0a1-4ffa5ddf4bdc,2023-05-09 15:55:44.738000+00:00,2022-11-15 16:44:37.062000+00:00,9999-12-31 23:59:59.999000+00:00,True
SJT6FPsbiGythOQwdO6+FWruhdM=,v5fs4MLL,M9UqUsRCmadhLiVFCS7ZlDbU8Vo=,choice,,672a8439-0c92-4fe3-ba6a-d27e704e67f3,2023-05-09 15:55:43.793000+00:00,2022-12-09 22:00:17.983000+00:00,9999-12-31 23:59:59.999000+00:00,True
I6gHsx3Phs0nk2JyxMXjkJrksR8=,XsezE0qD,+0+oxcCowwd5mOfZMx6ZZcSnO3k=,choice,,9437016a-9f8a-49f5-b106-0eff902eb6c6,2023-05-09 15:56:18.385000+00:00,2022-06-15 17:07:46.599000+00:00,9999-12-31 23:59:59.999000+00:00,True
HnBhJoIMU6/kkm+ES05uKRvzvc0=,vgBnsZ5t,hqYYdKWC0N4/UFuHffOPAN9FC44=,field,,24b514e5-b227-4350-a8c6-456e48f8f2b3,2023-05-09 15:57:40.261000+00:00,2021-04-13 19:03:18.853000+00:00,9999-12-31 23:59:59.999000+00:00,True
9V3ayb3yXYIfdJHDIQdqZsS5JmU=,Xq3iQG7A,84eftV723qyDFGla5gkeN47En4M=,choice,,8aca1343-8789-4171-b145-fbbf88848a40,2023-05-09 15:55:44.737000+00:00,2022-11-15 16:44:37.062000+00:00,9999-12-31 23:59:59.999000+00:00,True
xWXgAQh5c8y+ptv6YcciEV0ix/w=,Xq3iQG7A,5/0FtH3Uc5LStjTjTK9VQsDLU5c=,choice,,e285d2ab-2d44-4bda-a0bd-8832f2593103,2023-05-09 15:55:44.740000+00:00,2022-11-15 16:44:37.062000+00:00,9999-12-31 23:59:59.999000+00:00,True
IVytW6agRzz5GC8pvn+cbjhUgBA=,wzxbYq72,Q8iuadWPcTPUTD+ZI6+oBf+wJm0=,field,,6f04a1bb-b183-4627-a121-425587c01214,2023-05-09 15:56:45.099000+00:00,2021-11-08 18:00:33.616000+00:00,9999-12-31 23:59:59.999000+00:00,True
EP1XGSypWUMvaWruQ6czel9zgew=,MKXagAlh,hwVBqidhd7MIxP+ZrxUlja7ixUI=,,is,,2023-05-09 15:57:28.731000+00:00,2021-07-22 14:55:18.641000+00:00,9999-12-31 23:59:59.999000+00:00,True
QumF2FSI9sqb+woBLvfQy57R/o4=,xs0tZs,N/sIOzvxQN0PE1CE+9zII3FBlBg=,constant,,true,2023-05-09 15:58:14.011000+00:00,2021-08-30 21:27:09.654000+00:00,9999-12-31 23:59:59.999000+00:00,True
Jznl5ECuIManjhJU9bydrqmIJg0=,v5fs4MLL,0RusE7FtvaXx8OVtCSsBI34rZZ8=,field,,eb605cf2-751e-4456-92f2-b9bc8cc67076,2023-05-09 15:55:43.799000+00:00,2022-12-09 22:00:17.983000+00:00,9999-12-31 23:59:59.999000+00:00,True
KMQHTSYLeEWAhtGyP6zfzhQfiE8=,v5fs4MLL,/CltfXaER0eeTQukaGngpGCAjnw=,choice,,e3900dd0-5935-439d-af94-366db20656dd,2023-05-09 15:55:43.814000+00:00,2022-12-09 22:00:17.983000+00:00,9999-12-31 23:59:59.999000+00:00,True
4sGi7FGYjgF1hbW7HF2B3/vQYXs=,wzxbYq72,tYLZDciCDLMSVYO9WNB/Xl1zBdU=,field,,e313adb6-9fb4-40f7-b039-81f1847dadaa,2023-05-09 15:56:45.100000+00:00,2021-11-08 18:00:33.616000+00:00,9999-12-31 23:59:59.999000+00:00,True
MY2wsUhc3stIANLuINGQuzKHcNM=,CBJ5YM86,anhaTyslZd7ROK4aqdtfIORI+Cc=,field,,01GNZ3ZQK02GBWJ3VBB7ANKBX5,2023-05-09 15:55:41.466000+00:00,2023-01-06 17:09:18.282000+00:00,9999-12-31 23:59:59.999000+00:00,True
ipGH1L055lOBcQEqk1z3XyuCP/A=,fvZ2fdz9,5O9b3m70khh5nDupsL08NZBzzr0=,field,,09614e39-0821-4ebf-93be-ef84cadc2585,2023-05-09 15:57:52.828000+00:00,2021-06-04 22:32:02.167000+00:00,9999-12-31 23:59:59.999000+00:00,True
lbKQ19XlG5vw6uPZc5ZwdngonNY=,v5fs4MLL,PXoYpRsYMvp4yBvekEvClO7exBY=,field,,6ef36c9b-a493-494e-8f8e-9a5a7b488187,2023-05-09 15:55:43.809000+00:00,2022-12-09 22:00:17.983000+00:00,9999-12-31 23:59:59.999000+00:00,True
QumF2FSI9sqb+woBLvfQy57R/o4=,xs0tZs,Vy7fGQAt3L2Lct+TranIdglNklY=,constant,,true,2023-05-09 15:58:14.012000+00:00,2021-08-30 21:27:09.654000+00:00,9999-12-31 23:59:59.999000+00:00,True
lbKQ19XlG5vw6uPZc5ZwdngonNY=,v5fs4MLL,gjQhRwm1EtkOKQTBwE+IM4tYzMk=,field,,6ef36c9b-a493-494e-8f8e-9a5a7b488187,2023-05-09 15:55:43.811000+00:00,2022-12-09 22:00:17.983000+00:00,9999-12-31 23:59:59.999000+00:00,True
YlQPy9ByOYfrhFeX3YHG3inQfE8=,XsezE0qD,lhMBHc948L7xcRfMa5BGfsLkLDs=,choice,,973e0b96-9405-40c6-b6c8-543910b4afea,2023-05-09 15:56:18.388000+00:00,2022-06-15 17:07:46.599000+00:00,9999-12-31 23:59:59.999000+00:00,True
BpWj2ZJdZif6zLWrljtCWNY/tnA=,sxgX6rXP,6nlGLikTzpTlPmfuSosTVwb2nMM=,choice,,01GY0TZV3WGVCFYJZN43FGD0EN,2023-05-09 15:55:29.404000+00:00,2023-04-27 22:28:19.957000+00:00,9999-12-31 23:59:59.999000+00:00,True
7KhlNTTo0rEXrVjhaLv+K24b8UA=,v5fs4MLL,gjQhRwm1EtkOKQTBwE+IM4tYzMk=,choice,,f43a3ce0-1b1f-4a7e-9844-b4a816eaaebe,2023-05-09 15:55:43.811000+00:00,2022-12-09 22:00:17.983000+00:00,9999-12-31 23:59:59.999000+00:00,True
qY6R+cvSl0Sibfx7hrBVeWkckx0=,mP8GzNoV,rgSzoeGMe9SauFf4mHPbLimsbNc=,choice,,8073869d-9ffa-48bf-8d2d-169e0947d5c1,2023-05-09 15:56:24.093000+00:00,2023-02-27 20:42:44.975000+00:00,9999-12-31 23:59:59.999000+00:00,True
D/FVva6WS5iknBXeDWp8iFBsnWo=,PibwM1Mb,eS8o0d/KtJWG13Alh1ZuCb6ndUg=,field,,ff79c04c-6a24-4bef-9471-afdf5ab9a702,2023-05-09 15:57:35.812000+00:00,2021-05-20 02:50:50.154000+00:00,9999-12-31 23:59:59.999000+00:00,True
u4vtVZCzYGyMs265e1bFq6OQqds=,kpF10uRx,jxkNV4XKpnPyY4Y46LKcKQo/4vU=,field,,72871dbc-18e1-46a8-a753-fc5d4d968371,2023-05-09 15:55:40.986000+00:00,2023-01-06 17:34:41.531000+00:00,9999-12-31 23:59:59.999000+00:00,True
sHxf8awTMipJd+jAGikyR3poMls=,e7hRQtSH,jas/iJGsGrwWK93dkWFVZn4VoJQ=,choice,,eb70896b-2226-4357-a449-84e9f5c1358b,2023-05-09 15:55:47.572000+00:00,2023-03-02 21:15:53.713000+00:00,9999-12-31 23:59:59.999000+00:00,True
8N/KzMJ6tvrRVLLtucxxfK73fnI=,fvZ2fdz9,+7tLyQqCmOUAfJKg4E0Sjyq5ACo=,choice,,f563290a-d99c-4842-9484-0f308686c166,2023-05-09 15:57:52.827000+00:00,2021-06-04 22:32:02.167000+00:00,9999-12-31 23:59:59.999000+00:00,True
NX7eVUT4/UOk6HrugEqmoG1cnsE=,Xq3iQG7A,84eftV723qyDFGla5gkeN47En4M=,field,,9e6167b3-04a5-4e50-828e-1532ea3446cf,2023-05-09 15:55:44.737000+00:00,2022-11-15 16:44:37.062000+00:00,9999-12-31 23:59:59.999000+00:00,True
+NJdMARItGSLUHOmIRR3vynFEko=,UKxdVnQv,4gRvMtiZOLFZnvaWhLslxf0Tbgk=,field,,01G7CAVWFVY6PT5NKPDDNVY4ZM,2023-05-09 15:55:59.804000+00:00,2022-07-12 19:11:56.721000+00:00,9999-12-31 23:59:59.999000+00:00,True
AyUrlgUsUsQy773YTvUbFPl/TSw=,v5fs4MLL,5ItHefQxgQalUl6rIoKiRYtGoxE=,field,,73498bf7-37a2-4155-845e-d15c0538298a,2023-05-09 15:55:43.792000+00:00,2022-12-09 22:00:17.983000+00:00,9999-12-31 23:59:59.999000+00:00,True
dKy9hINHoZb9y3UavSd8FA6ofrY=,Xq3iQG7A,W71yPG3j2YC/3ZI6Mc6VNhVs7+E=,choice,,f366dde0-a7b0-45e6-a1a2-58e67431056f,2023-05-09 15:55:44.739000+00:00,2022-11-15 16:44:37.062000+00:00,9999-12-31 23:59:59.999000+00:00,True
BSpSuZDdAVW0lkZbY3LdwpNJwfk=,wzxbYq72,Z0FlNPQe5bzbVx5kR9rJcbI8kKE=,constant,,false,2023-05-09 15:56:45.095000+00:00,2021-11-08 18:00:33.616000+00:00,9999-12-31 23:59:59.999000+00:00,True
wtqkrdXlwHqCBM7dulNuacFEqdg=,v5fs4MLL,K7MAPDmwer730vvfonK2SKrMPCI=,choice,,12290f15-9f8e-4e3c-8db5-4c3bdf9c9dc3,2023-05-09 15:55:43.794000+00:00,2022-12-09 22:00:17.983000+00:00,9999-12-31 23:59:59.999000+00:00,True
DHt7WNeqauWHxDZogfeeluunOis=,XlCI6VzX,UVChLFbmg+OYWrVc0O+v0eSVk00=,constant,,RETURN,2023-05-09 15:57:55.326000+00:00,2021-05-02 18:07:44.377000+00:00,9999-12-31 23:59:59.999000+00:00,True
BSpSuZDdAVW0lkZbY3LdwpNJwfk=,rqXardP6,uybWzuOraEsG4TnZMqeFQksGQqw=,constant,,false,2023-05-09 15:56:44.539000+00:00,2021-10-22 15:22:47.443000+00:00,9999-12-31 23:59:59.999000+00:00,True
QumF2FSI9sqb+woBLvfQy57R/o4=,CboEYzb7,1agBbJpjzLOl0SDNy6MNy8Iq5cE=,constant,,true,2023-05-09 15:56:37.938000+00:00,2022-03-09 13:49:27.109000+00:00,9999-12-31 23:59:59.999000+00:00,True
bE2nQUB+xVLs8ZksaKozNkMk5sA=,v5fs4MLL,8IbviDGQUdtU4/RSZuvci+2m5dI=,field,,d08bae21-8441-4544-add0-e3fe4f127523,2023-05-09 15:55:43.802000+00:00,2022-12-09 22:00:17.983000+00:00,9999-12-31 23:59:59.999000+00:00,True
QLrvhOSRVtlFgRFK1LZZ/Qs813o=,CboEYzb7,1agBbJpjzLOl0SDNy6MNy8Iq5cE=,field,,a10e7a4c-97e9-4717-9b49-7939bf583c43,2023-05-09 15:56:37.937000+00:00,2022-03-09 13:49:27.109000+00:00,9999-12-31 23:59:59.999000+00:00,True
QumF2FSI9sqb+woBLvfQy57R/o4=,vgBnsZ5t,3b92PWqPCybAUbDc0EMN7vs5E/8=,constant,,true,2023-05-09 15:57:40.258000+00:00,2021-04-13 19:03:18.853000+00:00,9999-12-31 23:59:59.999000+00:00,True
jesx1sJqpG2PR4EGFiKksErhEb8=,e7hRQtSH,7UIVEc2P922fTd1AIS7L6MJ9J0g=,choice,,bf97f4a9-3b03-4d4f-9624-bd535ad58e7c,2023-06-01 02:30:46.137000+00:00,2023-05-31 22:39:31.448000+00:00,9999-12-31 23:59:59.999000+00:00,True
KfURnRH3u86viuTvnbPp0J3uQms=,QCwykDBd,ZhF1AEZTkg6i5mBCDylYnkhZnaI=,choice,,117c7334-5c85-4c76-93de-9db92f2253b8,2023-06-20 20:30:21.733000+00:00,2023-06-20 17:00:22.740000+00:00,2023-07-05 14:50:10.967000+00:00,False
sifC6WHwncbYEigXKl99G6wK9ZM=,QCwykDBd,7UIVEc2P922fTd1AIS7L6MJ9J0g=,field,,f00d24ff-f5d5-43c2-b96a-5d5709442945,2023-06-20 20:30:21.763000+00:00,2023-06-20 17:00:22.740000+00:00,2023-07-05 14:50:10.967000+00:00,False
sifC6WHwncbYEigXKl99G6wK9ZM=,QCwykDBd,savVNZjOcTx2m8kgYXyKmv+hRFU=,field,,f00d24ff-f5d5-43c2-b96a-5d5709442945,2023-06-20 20:30:21.736000+00:00,2023-06-20 17:00:22.740000+00:00,2023-07-05 14:50:10.967000+00:00,False
18fH51MPlHQcE3zeelUGr7GV5fU=,PNWzUBMi,lLmSlSNFrlMPPtr6jBqaVFpL0cQ=,hidden,,accountid,2023-07-07 02:30:09.299000+00:00,2023-07-07 00:48:10.360000+00:00,9999-12-31 23:59:59.999000+00:00,True
0oZKlpC4exceQLJBbscfIG/bPaY=,CBJ5YM86,wYNzkPMPwzIj18L63ze5wyEG0vs=,choice,,d2dd5b8d-31d6-4c7f-b7a5-44e255ee2ff1,2023-09-16 02:29:42.412000+00:00,2023-09-15 21:18:07.585000+00:00,9999-12-31 23:59:59.999000+00:00,True
DzoRsnG5ui/MJbfnYFRBU6zw9HU=,CBJ5YM86,l7UK1WZXX0JmxnAeGxz024IQysc=,field,,0d89e9e1-6a83-478b-8c8a-586592329002,2023-09-15 20:29:48.505000+00:00,2023-01-06 17:09:18.282000+00:00,2023-09-15 21:18:07.584000+00:00,False
EP1XGSypWUMvaWruQ6czel9zgew=,aLoJGhPX,42JEw9CtaCRAjpd8+INNhuZoJ0o=,,is,,2024-01-26 20:29:32.756000+00:00,2024-01-26 16:38:11.783000+00:00,9999-12-31 23:59:59.999000+00:00,True
0p3ceLxEyfQVulw3FaZMOOEut8M=,sGqsMGlv,4Bf2iWAvB718vvsZUgAoEa2pZ/g=,field,,0561a1a1-749c-417a-b26b-ee69a7340f08,2024-03-22 00:03:21.210000+00:00,2024-03-21 21:11:22.413000+00:00,9999-12-31 23:59:59.999000+00:00,True
i3GKM1dIBOi3NUKvabj5kwPozac=,sGqsMGlv,4Bf2iWAvB718vvsZUgAoEa2pZ/g=,constant,,3,2024-03-22 20:29:40.505000+00:00,2024-03-22 17:52:17.097000+00:00,9999-12-31 23:59:59.999000+00:00,True
ynN/btNmPCeoyZaAdL0enHOkryQ=,sGqsMGlv,4Bf2iWAvB718vvsZUgAoEa2pZ/g=,constant,,4,2024-03-22 00:03:21.213000+00:00,2024-03-21 21:11:22.413000+00:00,2024-03-22 17:52:17.096000+00:00,False
GRDXilbBz/LnH+uXLo51O/BBPeA=,sGqsMGlv,FgMb76AdMLRdbt5Crcbxd6bcROY=,field,,ba282e5b-94e1-452e-8a07-fca30ce2c57e,2024-03-22 00:03:21.154000+00:00,2024-03-21 21:11:22.413000+00:00,2024-03-22 17:52:17.096000+00:00,False
Dzo05ez438OAzh2qaw9U44xHPiQ=,vQg4oCT0,0X0yABf9kopd8LoQTe5wCb7pyVI=,choice,,751849a9-3642-4cac-b140-efe78f96336f,2024-04-18 00:02:47.968000+00:00,2024-04-17 16:51:26.944000+00:00,9999-12-31 23:59:59.999000+00:00,True
0p3ceLxEyfQVulw3FaZMOOEut8M=,vQg4oCT0,4Bf2iWAvB718vvsZUgAoEa2pZ/g=,field,,0561a1a1-749c-417a-b26b-ee69a7340f08,2024-04-17 00:01:57.770000+00:00,2024-04-16 16:43:33.304000+00:00,2024-04-17 16:51:26.943000+00:00,False
ndV40Pe5lHZKo0FinY2oqiYc5D4=,vQg4oCT0,U/SQ5V4+F5PaN+m+FBg0UVczwL0=,choice,,7067ee1e-d7bb-46e4-9389-27977d80991a,2024-04-19 00:02:21.466000+00:00,2024-04-17 16:51:26.944000+00:00,2024-04-22 16:53:15.692000+00:00,False
yq7UMc4HPJebK1GnvCXhB1+ltAg=,vQg4oCT0,U/SQ5V4+F5PaN+m+FBg0UVczwL0=,field,,a88b69c1-1938-4ea7-a62f-66ccd9f0c67d,2024-04-19 00:02:21.460000+00:00,2024-04-17 16:51:26.944000+00:00,2024-04-22 16:53:15.692000+00:00,False
rRyV/I3HqLHSsZmYHrTeh+mCyZQ=,PibwM1Mb,ib08qYr6YdzBZpkV46pSZXtDl7g=,constant,,,2024-05-11 00:02:38.483000+00:00,2021-05-20 02:50:50.154000+00:00,9999-12-31 23:59:59.999000+00:00,True
Yg/MVOUE77VOGPf8JioRgS2Qeyg=,UKxdVnQv,hyYbfdORQsakpwwAhoPG5Im6icU=,choice,,3f69fc3b-b54f-494e-8a7d-607fefded6d3,2024-05-11 00:02:26.126000+00:00,2022-07-12 19:11:56.721000+00:00,9999-12-31 23:59:59.999000+00:00,True
HQU2UsypPxmMQsKeaz+wW4yp+PQ=,fvZ2fdz9,5O9b3m70khh5nDupsL08NZBzzr0=,choice,,1df87641-19c4-4417-be1b-a61c0fa09c1b,2024-05-11 00:02:43.159000+00:00,2021-06-04 22:32:02.167000+00:00,9999-12-31 23:59:59.999000+00:00,True
hWxmYl7oU7AL3ftQcZOZuwoCSss=,vgBnsZ5t,9WLDUxFFhoRwhX6dGQUgSkPDL6E=,choice,,7b4f7a7a-6430-473b-a693-8c0e43ff4c7d,2024-05-11 00:02:39.085000+00:00,2021-04-13 19:03:18.853000+00:00,9999-12-31 23:59:59.999000+00:00,True
JrLO+urUcrUH7BbQdRyO36OZ5GE=,UKxdVnQv,I+uIxKxuVwxh7oC/6kd8434MERY=,field,,5b5c66f8-2637-4576-8c7e-e30871a595c3,2024-05-11 00:02:26.120000+00:00,2022-07-12 19:11:56.721000+00:00,9999-12-31 23:59:59.999000+00:00,True
fKADjhs1A5XF4J8T2SOGxhrND4c=,CBJ5YM86,l7UK1WZXX0JmxnAeGxz024IQysc=,field,,916e882b-5e01-4697-b5eb-95a18509b593,2024-05-11 00:02:18.220000+00:00,2023-11-30 19:03:28.366000+00:00,9999-12-31 23:59:59.999000+00:00,True
sRrJSy7OtNkriYCYHitw8rc42+0=,PibwM1Mb,ib08qYr6YdzBZpkV46pSZXtDl7g=,field,,f7382265-439a-4f34-a6f7-1d52cdf0fbdc,2024-05-11 00:02:38.483000+00:00,2021-05-20 02:50:50.154000+00:00,9999-12-31 23:59:59.999000+00:00,True
RByLZ1lASWnSiGWT//BJCZF4QFI=,CBJ5YM86,l7UK1WZXX0JmxnAeGxz024IQysc=,field,,c624444f-a78d-49fc-83ae-5b4118108236,2023-11-29 14:29:57.727000+00:00,2023-09-15 21:18:07.585000+00:00,2023-11-30 19:03:28.365000+00:00,False
lRwD9M+w5e7Nuub/rJRrUNxOjlA=,CBJ5YM86,l7UK1WZXX0JmxnAeGxz024IQysc=,choice,,b546af16-393f-4eff-b222-071f56530908,2023-11-29 14:29:57.727000+00:00,2023-09-15 21:18:07.585000+00:00,2023-11-30 19:03:28.365000+00:00,False
BSpSuZDdAVW0lkZbY3LdwpNJwfk=,fiht8i17,TdJeSu+I+/UbEmFTi1Lu7SVHy90=,constant,,false,2024-05-12 00:02:25.390000+00:00,2024-01-29 19:43:26.436000+00:00,9999-12-31 23:59:59.999000+00:00,True
FVrFKPlxZLP4PHGv8oqHLY/3pEM=,CBJ5YM86,A7eXu9LjWCD+8CA/bSWsFTPOglM=,choice,,e41a151b-9930-4b1b-9e43-541c4866429c,2023-12-01 14:55:41.127000+00:00,2023-11-30 19:03:28.366000+00:00,9999-12-31 23:59:59.999000+00:00,True
MY2wsUhc3stIANLuINGQuzKHcNM=,CBJ5YM86,A7eXu9LjWCD+8CA/bSWsFTPOglM=,field,,01GNZ3ZQK02GBWJ3VBB7ANKBX5,2023-12-01 14:55:41.126000+00:00,2023-11-30 19:03:28.366000+00:00,9999-12-31 23:59:59.999000+00:00,True
MY2wsUhc3stIANLuINGQuzKHcNM=,CBJ5YM86,P6KW1y1apnLf7O/VOysQuz7qRqI=,field,,01GNZ3ZQK02GBWJ3VBB7ANKBX5,2023-12-01 14:55:41.124000+00:00,2023-11-30 19:03:28.366000+00:00,9999-12-31 23:59:59.999000+00:00,True
MY2wsUhc3stIANLuINGQuzKHcNM=,CBJ5YM86,OaDOXvYmKD9iq6FqWkpPxMPlLaE=,field,,01GNZ3ZQK02GBWJ3VBB7ANKBX5,2023-12-01 14:55:41.122000+00:00,2023-11-30 19:03:28.366000+00:00,9999-12-31 23:59:59.999000+00:00,True
BSpSuZDdAVW0lkZbY3LdwpNJwfk=,sGqsMGlv,itsUqhNJ3jPEhttluGKeM237wHs=,constant,,false,2024-03-22 00:03:21.142000+00:00,2024-03-21 21:11:22.413000+00:00,9999-12-31 23:59:59.999000+00:00,True
GRDXilbBz/LnH+uXLo51O/BBPeA=,vQg4oCT0,0X0yABf9kopd8LoQTe5wCb7pyVI=,field,,ba282e5b-94e1-452e-8a07-fca30ce2c57e,2024-04-18 00:02:47.963000+00:00,2024-04-17 16:51:26.944000+00:00,9999-12-31 23:59:59.999000+00:00,True
BSpSuZDdAVW0lkZbY3LdwpNJwfk=,vQg4oCT0,itsUqhNJ3jPEhttluGKeM237wHs=,constant,,false,2024-04-17 00:01:57.764000+00:00,2024-04-16 16:43:33.304000+00:00,2024-04-17 16:51:26.943000+00:00,False
C/Agfp+PtPr728vhs3FdLzeGICk=,vQg4oCT0,U/SQ5V4+F5PaN+m+FBg0UVczwL0=,choice,,efea24e6-3d5a-4bab-a852-7c8e1997e22c,2024-04-24 00:02:29.523000+00:00,2024-04-22 16:53:15.693000+00:00,9999-12-31 23:59:59.999000+00:00,True
M8x0eVQQIfQ7TzO58nnBl1eM3Lg=,vQg4oCT0,U/SQ5V4+F5PaN+m+FBg0UVczwL0=,field,,619d3104-45cd-4b5f-98c9-c2e2c581c462,2024-04-24 00:02:29.487000+00:00,2024-04-22 16:53:15.693000+00:00,9999-12-31 23:59:59.999000+00:00,True
yNTSF69rsUV9pOv/IM8yPtXs3eo=,wzxbYq72,Xrda0WlYeJLl1ISZ5eoG4n+craQ=,field,,549953f8-ba2d-47d2-892a-cd4d02b9bb31,2024-05-11 00:02:32.475000+00:00,2021-11-08 18:00:33.616000+00:00,9999-12-31 23:59:59.999000+00:00,True
5mW5XuvbbOtQk/KWSsmJL7JEdz8=,vgBnsZ5t,SBRKFiTdTk+Am1rLayvHaYLqrMI=,field,,1d13db75-8ea5-4d6d-adf8-f70303aa437b,2024-05-11 00:02:39.086000+00:00,2021-04-13 19:03:18.853000+00:00,9999-12-31 23:59:59.999000+00:00,True
Qy3q8izt//+FaLsX3jrah9W63Q0=,XsezE0qD,MvYKy4ULVHF2QKJJy9MUWY4uMFc=,field,,e6cd5661-e3f0-4386-abd8-327d73b250f1,2024-05-11 00:02:26.314000+00:00,2022-06-15 17:07:46.599000+00:00,9999-12-31 23:59:59.999000+00:00,True
CK5FhaxaPNKXU8cOBM6rLWTZ+dI=,vgBnsZ5t,C0rQvlLQgvzE5wUJC4ahJP+Onn8=,choice,,679c994c-b3a1-4901-ae6c-bc0086afcfb5,2024-05-11 00:02:39.087000+00:00,2021-04-13 19:03:18.853000+00:00,9999-12-31 23:59:59.999000+00:00,True
bksR5K611sPiHaGn2nUZLIqGl5c=,UKxdVnQv,ZNNxkcSO8xukR2Eqf+C3oBLL6gw=,choice,,5d4bc866-9f49-4669-b1b7-21ef612bf008,2024-05-11 00:02:26.124000+00:00,2022-07-12 19:11:56.721000+00:00,9999-12-31 23:59:59.999000+00:00,True
rQMjVHQUBBQP4aPwf8U01uvC1eE=,vgBnsZ5t,NDg9MMDXw0+X+ZaQgSsG3W0AVvk=,choice,,ba685131-a875-467c-b3e1-9e8b06b1e442,2024-05-11 00:02:39.088000+00:00,2021-04-13 19:03:18.853000+00:00,9999-12-31 23:59:59.999000+00:00,True
oM4tlae4fJkbQGpg3vnCzk9pv7Y=,LzxHvwVm,VS0VUT1FG17GLIwG8dEG0GywCVA=,constant,,10,2024-05-12 00:02:25.519000+00:00,2023-11-22 18:54:28.149000+00:00,9999-12-31 23:59:59.999000+00:00,True
PWCs3gZhd7nNvsFeyJmhId2UIUo=,fvZ2fdz9,RDRf1fPjBI696ukPaLOG4vvieNs=,field,,95269427-c8e1-4955-b2b8-de5e8873e025,2023-05-09 15:57:52.829000+00:00,2021-06-04 22:32:02.167000+00:00,9999-12-31 23:59:59.999000+00:00,True
Jznl5ECuIManjhJU9bydrqmIJg0=,v5fs4MLL,6VLUdOgIGt7SfB8Aryj74FFpEVk=,field,,eb605cf2-751e-4456-92f2-b9bc8cc67076,2023-05-09 15:55:43.797000+00:00,2022-12-09 22:00:17.983000+00:00,9999-12-31 23:59:59.999000+00:00,True
sifC6WHwncbYEigXKl99G6wK9ZM=,e7hRQtSH,JQzVsy8wLfXFO4NYKRi0VYSDve4=,field,,f00d24ff-f5d5-43c2-b96a-5d5709442945,2023-05-09 15:55:47.567000+00:00,2023-03-02 21:15:53.713000+00:00,9999-12-31 23:59:59.999000+00:00,True
fUH9c1Wn2gJl5wWEUcd9btkiTts=,xaHb3xw2,FK/iF+ECG4WDdPfNFdJhclMnX1g=,field,,73eff861-3ad6-4e40-88cd-fb7171496732,2023-05-09 15:56:46.690000+00:00,2021-10-20 01:16:14.356000+00:00,9999-12-31 23:59:59.999000+00:00,True
ih4hX+64Ie3yFPTb/tv1PBNx23w=,v5fs4MLL,Y0NRpGP1c8y0/20hsKiABFn14HU=,choice,,5f6beb2d-e845-4c86-8881-003a4bab068a,2023-05-09 15:55:43.801000+00:00,2022-12-09 22:00:17.983000+00:00,9999-12-31 23:59:59.999000+00:00,True
tXSlA77DPTm+R1Y6XSwShTdYskg=,Wez0q1nI,RWV1cH6IFOffV+UZe7G+HETKo6M=,field,,18b797cd-fef7-4889-8fea-872f223535bd,2023-05-09 15:58:12.284000+00:00,2023-03-30 19:05:43.137000+00:00,9999-12-31 23:59:59.999000+00:00,True
mA04PSUTCWrnX2Ma0m0Pkx1tNi8=,v5fs4MLL,8rzA9NkCfG482qqF6n/PBZrC4CM=,field,,01F6Q3NT10FPM0ACSKH0F7ZV6D,2023-05-09 15:55:43.813000+00:00,2022-12-09 22:00:17.983000+00:00,9999-12-31 23:59:59.999000+00:00,True
hKyIzmn4i+HOqxUNlOMz5BHusnI=,wzxbYq72,0x7xkascrmPIJnu2Gvp2qrqjJPY=,field,,13b4b75b-bba4-47ca-b15b-e0476318eddb,2023-05-09 15:56:45.098000+00:00,2021-11-08 18:00:33.616000+00:00,9999-12-31 23:59:59.999000+00:00,True
PdDM0g9LbEcAF1lidmolqx1/EJ8=,v5fs4MLL,OjcdTu+Kx/Dbg9nkiKVDBJAxoho=,choice,,8817ffaa-cc05-4b5a-a71c-3e5520daf423,2023-05-09 15:55:43.809000+00:00,2022-12-09 22:00:17.983000+00:00,9999-12-31 23:59:59.999000+00:00,True
7TBXrFkXBYGbMxGX4iYWGNAVQi8=,kpF10uRx,LhcmWM8vEA5fZO5hTm7ODOMwEB8=,field,,32f48adf-bd0d-43aa-aa1e-060aa99ee5dd,2023-05-09 15:55:40.982000+00:00,2023-01-06 17:34:41.531000+00:00,9999-12-31 23:59:59.999000+00:00,True
EP1XGSypWUMvaWruQ6czel9zgew=,j7mMhWyf,WyIWeNhBkWaBRIx/ixe35A/7qNU=,,is,,2023-05-09 15:55:32.113000+00:00,2023-03-14 22:16:44.319000+00:00,9999-12-31 23:59:59.999000+00:00,True
+n0PzUV+uxSHCB/sMo+js7pzQc4=,sxgX6rXP,6nlGLikTzpTlPmfuSosTVwb2nMM=,field,,01GY0TZV3WJZ24RSPPVP6ZEEG7,2023-05-09 15:55:29.403000+00:00,2023-04-27 22:28:19.957000+00:00,9999-12-31 23:59:59.999000+00:00,True
WI15Cd8twJBnet/TU8Tfa+pcoWk=,wzxbYq72,Ih2VP3FGW7wC2Nbjerot74fYm2g=,field,,2df4674b-4cd3-465a-9df4-cbde09a74da6,2023-05-09 15:56:45.101000+00:00,2021-11-08 18:00:33.616000+00:00,9999-12-31 23:59:59.999000+00:00,True
AyUrlgUsUsQy773YTvUbFPl/TSw=,v5fs4MLL,M9UqUsRCmadhLiVFCS7ZlDbU8Vo=,field,,73498bf7-37a2-4155-845e-d15c0538298a,2023-05-09 15:55:43.793000+00:00,2022-12-09 22:00:17.983000+00:00,9999-12-31 23:59:59.999000+00:00,True
3Y/OgxBp+69vW1UyagKA5gZc+K0=,MKXagAlh,hwVBqidhd7MIxP+ZrxUlja7ixUI=,,greater_than,,2023-05-09 15:57:28.730000+00:00,2021-07-22 14:55:18.641000+00:00,9999-12-31 23:59:59.999000+00:00,True
niKtOgM0rGSMT/UbRd7uarObnCo=,e7hRQtSH,RfijiYgm0zBA6FQOAfqIq8dpvvI=,choice,,aed45279-6459-416f-b3bc-c11f8b96bc90,2023-05-09 15:55:47.570000+00:00,2023-03-02 21:15:53.713000+00:00,9999-12-31 23:59:59.999000+00:00,True
+eT0F/Zkzy14lQ4XX71ncZ7GXgk=,v5fs4MLL,pxeegpvgK9u5EXKoG5ur4C7ysDY=,choice,,8caa862e-3444-4e7b-92c9-49ed15771a13,2023-05-09 15:55:43.804000+00:00,2022-12-09 22:00:17.983000+00:00,9999-12-31 23:59:59.999000+00:00,True
EP1XGSypWUMvaWruQ6czel9zgew=,gmvhyLfk,WyIWeNhBkWaBRIx/ixe35A/7qNU=,,is,,2023-05-09 15:56:41.849000+00:00,2022-03-06 03:43:59.512000+00:00,9999-12-31 23:59:59.999000+00:00,True
Kiv5j+ZLoV7YNcskHnfNO7w7xhU=,v5fs4MLL,MK0RTZECAfw8XM1KpYs0sEXFin0=,choice,,8baae151-38f3-438b-891f-d008893979b6,2023-05-09 15:55:43.805000+00:00,2022-12-09 22:00:17.983000+00:00,9999-12-31 23:59:59.999000+00:00,True
sifC6WHwncbYEigXKl99G6wK9ZM=,e7hRQtSH,lExWratz8td5kUv7KxUGbJGDVq8=,field,,f00d24ff-f5d5-43c2-b96a-5d5709442945,2023-05-09 15:55:47.571000+00:00,2023-03-02 21:15:53.713000+00:00,9999-12-31 23:59:59.999000+00:00,True
Y0FqbjvlUgBLnoCjZ18NVZySFf4=,v5fs4MLL,oBBznpDacmOzBLR9jAQSKZ2lutI=,choice,,1a6a9a87-04da-4d9f-8620-f74f6cadd384,2023-05-09 15:55:43.798000+00:00,2022-12-09 22:00:17.983000+00:00,9999-12-31 23:59:59.999000+00:00,True
EP1XGSypWUMvaWruQ6czel9zgew=,F8jt6tYB,k3IZ51TvHP8aty3tcOioS6lD5Go=,,is,,2023-05-09 15:57:59.400000+00:00,2021-09-29 16:48:40.646000+00:00,9999-12-31 23:59:59.999000+00:00,True
NHpWJqzIaV4XLiiFdHoGzvUjA6o=,v5fs4MLL,wWBffMEsmyGkFds0VdaXKxCznJM=,choice,,dc3d8b66-5895-412e-8b17-a09be13a2dd2,2023-05-09 15:55:43.810000+00:00,2022-12-09 22:00:17.983000+00:00,9999-12-31 23:59:59.999000+00:00,True
tXSlA77DPTm+R1Y6XSwShTdYskg=,Wez0q1nI,tLVa6QYN8MxrGMjGtkFL5c1KTwU=,field,,18b797cd-fef7-4889-8fea-872f223535bd,2023-05-09 15:58:12.285000+00:00,2023-03-30 19:05:43.137000+00:00,9999-12-31 23:59:59.999000+00:00,True
NX7eVUT4/UOk6HrugEqmoG1cnsE=,Xq3iQG7A,5/0FtH3Uc5LStjTjTK9VQsDLU5c=,field,,9e6167b3-04a5-4e50-828e-1532ea3446cf,2023-05-09 15:55:44.740000+00:00,2022-11-15 16:44:37.062000+00:00,9999-12-31 23:59:59.999000+00:00,True
eyT0hkuigPoMBE0uWNxpuSs68OY=,fhmGtCBS,UVChLFbmg+OYWrVc0O+v0eSVk00=,field,,7f479298-5af7-41c3-9761-6082ac0085f5,2023-05-09 15:57:36.181000+00:00,2021-05-11 04:21:16.159000+00:00,9999-12-31 23:59:59.999000+00:00,True
Y4PsKc+TAJhnnsNY2I8Q0cX/J1M=,rqXardP6,uybWzuOraEsG4TnZMqeFQksGQqw=,field,,9b52bae4-7bae-411a-9b3f-22340e9a97e2,2023-05-09 15:56:44.538000+00:00,2021-10-22 15:22:47.443000+00:00,9999-12-31 23:59:59.999000+00:00,True
BSpSuZDdAVW0lkZbY3LdwpNJwfk=,kpF10uRx,LhcmWM8vEA5fZO5hTm7ODOMwEB8=,constant,,false,2023-05-09 15:55:40.983000+00:00,2023-01-06 17:34:41.531000+00:00,9999-12-31 23:59:59.999000+00:00,True
W1xW4q629Yi0657NcTq2WbVX358=,xs0tZs,N/sIOzvxQN0PE1CE+9zII3FBlBg=,field,,cba04447-ee6d-40b6-8a35-bfb6a85a159b,2023-05-09 15:58:14.010000+00:00,2021-08-30 21:27:09.654000+00:00,9999-12-31 23:59:59.999000+00:00,True
krH/Q1ngoDm0lQw0IQTkUNImxXY=,v5fs4MLL,cg45e6cmdzlGlXX9C9qa91+JsvE=,choice,,a97c293e-4ed7-4714-9d7c-fb1151be7353,2023-05-09 15:55:43.800000+00:00,2022-12-09 22:00:17.983000+00:00,9999-12-31 23:59:59.999000+00:00,True
hWMAB6+JIaRGy6637Apk8gKiZXA=,e7hRQtSH,lExWratz8td5kUv7KxUGbJGDVq8=,choice,,1c81360b-6b86-4743-b29a-4f7bf5466f17,2023-05-09 15:55:47.571000+00:00,2023-03-02 21:15:53.713000+00:00,9999-12-31 23:59:59.999000+00:00,True
eyT0hkuigPoMBE0uWNxpuSs68OY=,XlCI6VzX,UVChLFbmg+OYWrVc0O+v0eSVk00=,field,,7f479298-5af7-41c3-9761-6082ac0085f5,2023-05-09 15:57:55.326000+00:00,2021-05-02 18:07:44.377000+00:00,9999-12-31 23:59:59.999000+00:00,True
lbKQ19XlG5vw6uPZc5ZwdngonNY=,v5fs4MLL,wWBffMEsmyGkFds0VdaXKxCznJM=,field,,6ef36c9b-a493-494e-8f8e-9a5a7b488187,2023-05-09 15:55:43.810000+00:00,2022-12-09 22:00:17.983000+00:00,9999-12-31 23:59:59.999000+00:00,True
lmv/omrXP3VgUvuRE3R1yQNMaZk=,fVpJAWb6,F6tOZhNrfxv3E6wovzPHHcCB+D4=,choice,,01F6Q3NT10RXWBF7815YH34WT7,2023-05-09 15:55:47.252000+00:00,2022-11-15 16:44:11.724000+00:00,9999-12-31 23:59:59.999000+00:00,True
QumF2FSI9sqb+woBLvfQy57R/o4=,rqXardP6,NivdowxmMgbmivxv0dB6X22B2IE=,constant,,true,2023-05-09 15:56:44.538000+00:00,2021-10-22 15:22:47.443000+00:00,9999-12-31 23:59:59.999000+00:00,True
bE2nQUB+xVLs8ZksaKozNkMk5sA=,v5fs4MLL,KzITxr21mDgKzCWUkg1FmcHQ/jY=,field,,d08bae21-8441-4544-add0-e3fe4f127523,2023-05-09 15:55:43.803000+00:00,2022-12-09 22:00:17.983000+00:00,9999-12-31 23:59:59.999000+00:00,True
1zwtZsPaOlaVWijN6y0Na+KQugA=,fvZ2fdz9,+7tLyQqCmOUAfJKg4E0Sjyq5ACo=,field,,01EYVEQPE2XNQKBXST2WDVXFDF,2023-05-09 15:57:52.827000+00:00,2021-06-04 22:32:02.167000+00:00,9999-12-31 23:59:59.999000+00:00,True
bE2nQUB+xVLs8ZksaKozNkMk5sA=,v5fs4MLL,SdM8FtRdEWFpexZKn163f2Yo8Hs=,field,,d08bae21-8441-4544-add0-e3fe4f127523,2023-05-09 15:55:43.807000+00:00,2022-12-09 22:00:17.983000+00:00,9999-12-31 23:59:59.999000+00:00,True
68Yw2xBBeWA98cvAzOqbGyG0TGA=,fVpJAWb6,/CltfXaER0eeTQukaGngpGCAjnw=,choice,,5a5342e0-45d4-4d54-bd58-ba43545e1904,2023-05-09 15:55:47.253000+00:00,2022-11-15 16:44:11.724000+00:00,9999-12-31 23:59:59.999000+00:00,True
mA04PSUTCWrnX2Ma0m0Pkx1tNi8=,fVpJAWb6,/CltfXaER0eeTQukaGngpGCAjnw=,field,,01F6Q3NT10FPM0ACSKH0F7ZV6D,2023-05-09 15:55:47.252000+00:00,2022-11-15 16:44:11.724000+00:00,9999-12-31 23:59:59.999000+00:00,True
Yv3Zbryag9S5cZpKPmXqEztWzoA=,v5fs4MLL,ntipJqyeO1WTvuNlmAk2GY06Nxs=,choice,,dba995a8-3c8d-4f93-b494-a4a99f98adb5,2023-05-09 15:55:43.807000+00:00,2022-12-09 22:00:17.983000+00:00,9999-12-31 23:59:59.999000+00:00,True
Y4PsKc+TAJhnnsNY2I8Q0cX/J1M=,rqXardP6,NivdowxmMgbmivxv0dB6X22B2IE=,field,,9b52bae4-7bae-411a-9b3f-22340e9a97e2,2023-05-09 15:56:44.538000+00:00,2021-10-22 15:22:47.443000+00:00,9999-12-31 23:59:59.999000+00:00,True
NX7eVUT4/UOk6HrugEqmoG1cnsE=,Xq3iQG7A,W71yPG3j2YC/3ZI6Mc6VNhVs7+E=,field,,9e6167b3-04a5-4e50-828e-1532ea3446cf,2023-05-09 15:55:44.739000+00:00,2022-11-15 16:44:37.062000+00:00,9999-12-31 23:59:59.999000+00:00,True
kJEa2a6abJ+9KjBVxKtFJgPlKao=,Wez0q1nI,G0/+J6sfV7INwReSAfXFt18IMsA=,choice,,2c4ed475-1493-47b0-9ab3-d9ed414d1ce8,2023-05-09 15:58:12.286000+00:00,2023-03-30 19:05:43.137000+00:00,9999-12-31 23:59:59.999000+00:00,True
sifC6WHwncbYEigXKl99G6wK9ZM=,QCwykDBd,ZhF1AEZTkg6i5mBCDylYnkhZnaI=,field,,f00d24ff-f5d5-43c2-b96a-5d5709442945,2023-06-20 20:30:21.731000+00:00,2023-06-20 17:00:22.740000+00:00,2023-07-05 14:50:10.967000+00:00,False
sHxf8awTMipJd+jAGikyR3poMls=,QCwykDBd,jas/iJGsGrwWK93dkWFVZn4VoJQ=,choice,,eb70896b-2226-4357-a449-84e9f5c1358b,2023-06-20 20:30:21.759000+00:00,2023-06-20 17:00:22.740000+00:00,2023-07-05 14:50:10.967000+00:00,False
niKtOgM0rGSMT/UbRd7uarObnCo=,QCwykDBd,RfijiYgm0zBA6FQOAfqIq8dpvvI=,choice,,aed45279-6459-416f-b3bc-c11f8b96bc90,2023-06-20 20:30:21.744000+00:00,2023-06-20 17:00:22.740000+00:00,2023-07-05 14:50:10.967000+00:00,False
sifC6WHwncbYEigXKl99G6wK9ZM=,QCwykDBd,RfijiYgm0zBA6FQOAfqIq8dpvvI=,field,,f00d24ff-f5d5-43c2-b96a-5d5709442945,2023-06-20 20:30:21.742000+00:00,2023-06-20 17:00:22.740000+00:00,2023-07-05 14:50:10.967000+00:00,False
EP1XGSypWUMvaWruQ6czel9zgew=,tfFJLomK,WyIWeNhBkWaBRIx/ixe35A/7qNU=,,is,,2023-05-09 15:56:12.393000+00:00,2022-06-24 15:24:46.550000+00:00,9999-12-31 23:59:59.999000+00:00,True
Eh+Jm0UYTVwDW+4iYikx4pso5bg=,wzxbYq72,jEbg0eqOBGUYfikfiX9/wCTqlZg=,field,,4a19d9e9-f3aa-4729-b523-57361abfd877,2023-05-09 15:56:45.096000+00:00,2021-11-08 18:00:33.616000+00:00,9999-12-31 23:59:59.999000+00:00,True
C9SmTix/dg380TW1Q1svR8tvULk=,v5fs4MLL,3Ob3RX6y8SMncfo0xTkNriM3fEQ=,choice,,0136c900-69af-4e88-92d6-ecc97a6c6f4a,2023-05-09 15:55:43.796000+00:00,2022-12-09 22:00:17.983000+00:00,9999-12-31 23:59:59.999000+00:00,True
+azyN1CiUGerd1fFLUUerCdqudI=,mP8GzNoV,rgSzoeGMe9SauFf4mHPbLimsbNc=,field,,3fb9cdbf-887f-47df-b435-e5d700b92696,2023-05-09 15:56:24.093000+00:00,2023-02-27 20:42:44.975000+00:00,9999-12-31 23:59:59.999000+00:00,True
52VIf0o7F2VtxBSOcEM5zbtfqY0=,kpF10uRx,7cgxMnhVgHHmAne7fvplHuzSaLo=,field,,60d9a6bc-ee6b-4660-8b93-860fef6b32a4,2023-05-09 15:55:40.984000+00:00,2023-01-06 17:34:41.531000+00:00,9999-12-31 23:59:59.999000+00:00,True
AyUrlgUsUsQy773YTvUbFPl/TSw=,v5fs4MLL,AOhwaTbhfkIZOeq7GCpZpmK6mP4=,field,,73498bf7-37a2-4155-845e-d15c0538298a,2023-05-09 15:55:43.794000+00:00,2022-12-09 22:00:17.983000+00:00,9999-12-31 23:59:59.999000+00:00,True
rRyV/I3HqLHSsZmYHrTeh+mCyZQ=,vgBnsZ5t,hqYYdKWC0N4/UFuHffOPAN9FC44=,constant,,,2023-05-09 15:57:40.261000+00:00,2021-04-13 19:03:18.853000+00:00,9999-12-31 23:59:59.999000+00:00,True
+azyN1CiUGerd1fFLUUerCdqudI=,mP8GzNoV,EM5x0SKlybSfYtSewe1C4XEagj4=,field,,3fb9cdbf-887f-47df-b435-e5d700b92696,2023-05-09 15:56:24.093000+00:00,2023-02-27 20:42:44.975000+00:00,9999-12-31 23:59:59.999000+00:00,True
sifC6WHwncbYEigXKl99G6wK9ZM=,e7hRQtSH,ZhF1AEZTkg6i5mBCDylYnkhZnaI=,field,,f00d24ff-f5d5-43c2-b96a-5d5709442945,2023-05-09 15:55:47.568000+00:00,2023-03-02 21:15:53.713000+00:00,9999-12-31 23:59:59.999000+00:00,True
4VFYq/sTvWIwRDlBUaEsj1yXtBQ=,CBJ5YM86,/yR90Yj3ZkneE2fOA90UgPxJ2NQ=,choice,,6ab656b1-122d-45b6-aca1-01bced165fdc,2023-05-09 15:55:41.469000+00:00,2023-01-06 17:09:18.282000+00:00,9999-12-31 23:59:59.999000+00:00,True
lbKQ19XlG5vw6uPZc5ZwdngonNY=,v5fs4MLL,OjcdTu+Kx/Dbg9nkiKVDBJAxoho=,field,,6ef36c9b-a493-494e-8f8e-9a5a7b488187,2023-05-09 15:55:43.808000+00:00,2022-12-09 22:00:17.983000+00:00,9999-12-31 23:59:59.999000+00:00,True
KiM/223q0VSzjO7970ZJDVCRxU0=,CBJ5YM86,anhaTyslZd7ROK4aqdtfIORI+Cc=,choice,,50be6552-f9d2-4584-bc6e-8b7a176c803a,2023-05-09 15:55:41.466000+00:00,2023-01-06 17:09:18.282000+00:00,9999-12-31 23:59:59.999000+00:00,True
KfURnRH3u86viuTvnbPp0J3uQms=,e7hRQtSH,ZhF1AEZTkg6i5mBCDylYnkhZnaI=,choice,,117c7334-5c85-4c76-93de-9db92f2253b8,2023-05-09 15:55:47.568000+00:00,2023-03-02 21:15:53.713000+00:00,9999-12-31 23:59:59.999000+00:00,True
FID9Y0Vq77X2jnNThyiI+AQA9kw=,Wez0q1nI,tLVa6QYN8MxrGMjGtkFL5c1KTwU=,choice,,07c56e67-6e5f-4908-856a-a44d13bf688c,2023-05-09 15:58:12.285000+00:00,2023-03-30 19:05:43.137000+00:00,9999-12-31 23:59:59.999000+00:00,True
w3X0ct8uYhuEhTMM9ATxnuf3P+g=,UKxdVnQv,4gRvMtiZOLFZnvaWhLslxf0Tbgk=,choice,,f92f7e2d-4983-4505-b811-ffdc6fc11046,2023-05-09 15:55:59.804000+00:00,2022-07-12 19:11:56.721000+00:00,9999-12-31 23:59:59.999000+00:00,True
FoIhhOGzPtLKngSlxMmdqv9FbL0=,v5fs4MLL,SdM8FtRdEWFpexZKn163f2Yo8Hs=,choice,,b2b57b73-7a06-4916-a3ba-6a0668a26028,2023-05-09 15:55:43.808000+00:00,2022-12-09 22:00:17.983000+00:00,9999-12-31 23:59:59.999000+00:00,True
Y1lDdeVf7iIdgwTGgNHcplSclaM=,xs0tZs,Vy7fGQAt3L2Lct+TranIdglNklY=,field,,9d264dec-a4fe-4b4a-846f-14b748f1cd33,2023-05-09 15:58:14.011000+00:00,2021-08-30 21:27:09.654000+00:00,9999-12-31 23:59:59.999000+00:00,True
sifC6WHwncbYEigXKl99G6wK9ZM=,e7hRQtSH,savVNZjOcTx2m8kgYXyKmv+hRFU=,field,,f00d24ff-f5d5-43c2-b96a-5d5709442945,2023-05-09 15:55:47.569000+00:00,2023-03-02 21:15:53.713000+00:00,9999-12-31 23:59:59.999000+00:00,True
C9AE6X8bvsK/oWIYzUoDvVBfgtk=,XsezE0qD,wFae+ASJ00MBYThzUB2aL9ZAIic=,field,,7a427445-3212-45bf-8ad4-b004b3fe203b,2023-05-09 15:56:18.383000+00:00,2022-06-15 17:07:46.599000+00:00,9999-12-31 23:59:59.999000+00:00,True
BSpSuZDdAVW0lkZbY3LdwpNJwfk=,wzxbYq72,tYLZDciCDLMSVYO9WNB/Xl1zBdU=,constant,,false,2023-05-09 15:56:45.100000+00:00,2021-11-08 18:00:33.616000+00:00,9999-12-31 23:59:59.999000+00:00,True
X8r62U2d3vEiGD7uQ9VqFw1r+b4=,XsezE0qD,+0+oxcCowwd5mOfZMx6ZZcSnO3k=,field,,e5a87a24-3295-40b6-a804-459fbf311221,2023-05-09 15:56:18.385000+00:00,2022-06-15 17:07:46.599000+00:00,9999-12-31 23:59:59.999000+00:00,True
Jznl5ECuIManjhJU9bydrqmIJg0=,v5fs4MLL,Y0NRpGP1c8y0/20hsKiABFn14HU=,field,,eb605cf2-751e-4456-92f2-b9bc8cc67076,2023-05-09 15:55:43.801000+00:00,2022-12-09 22:00:17.983000+00:00,9999-12-31 23:59:59.999000+00:00,True
mA04PSUTCWrnX2Ma0m0Pkx1tNi8=,v5fs4MLL,F6tOZhNrfxv3E6wovzPHHcCB+D4=,field,,01F6Q3NT10FPM0ACSKH0F7ZV6D,2023-05-09 15:55:43.812000+00:00,2022-12-09 22:00:17.983000+00:00,9999-12-31 23:59:59.999000+00:00,True
OoLw22jPj/lBA//M3vnKKb6SjCY=,e7hRQtSH,JQzVsy8wLfXFO4NYKRi0VYSDve4=,choice,,410eb157-86f2-48e8-bb1c-472225c728fd,2023-05-09 15:55:47.568000+00:00,2023-03-02 21:15:53.713000+00:00,9999-12-31 23:59:59.999000+00:00,True
Qy3q8izt//+FaLsX3jrah9W63Q0=,XsezE0qD,Nvt2uT3VRYqzW6NvFnf105Z2KiY=,field,,e6cd5661-e3f0-4386-abd8-327d73b250f1,2023-05-09 15:56:18.389000+00:00,2022-06-15 17:07:46.599000+00:00,9999-12-31 23:59:59.999000+00:00,True
NX7eVUT4/UOk6HrugEqmoG1cnsE=,Xq3iQG7A,8qPBg6CaXcrllXcQhwvTLwHWaUE=,field,,9e6167b3-04a5-4e50-828e-1532ea3446cf,2023-05-09 15:55:44.738000+00:00,2022-11-15 16:44:37.062000+00:00,9999-12-31 23:59:59.999000+00:00,True
sifC6WHwncbYEigXKl99G6wK9ZM=,e7hRQtSH,RfijiYgm0zBA6FQOAfqIq8dpvvI=,field,,f00d24ff-f5d5-43c2-b96a-5d5709442945,2023-05-09 15:55:47.570000+00:00,2023-03-02 21:15:53.713000+00:00,9999-12-31 23:59:59.999000+00:00,True
NIoCboQeNwk6nIUCrKTldhhJPeU=,vgBnsZ5t,3b92PWqPCybAUbDc0EMN7vs5E/8=,field,,7aef01ac-1284-4422-9984-86193457708e,2023-05-09 15:57:40.258000+00:00,2021-04-13 19:03:18.853000+00:00,9999-12-31 23:59:59.999000+00:00,True
IFyXyMvHdJAhbTgtKy0MXU+Uz38=,XsezE0qD,ZcIPlAWa3sa2SouPhufZu1oswn4=,choice,,573d6f3a-0462-4671-8a26-5a0ab464dee0,2023-05-09 15:56:18.384000+00:00,2022-06-15 17:07:46.599000+00:00,9999-12-31 23:59:59.999000+00:00,True
QnVLmIuBN0yPpqwftJ+YwMAkOh8=,XsezE0qD,jFtv+JbnEITGH/Y8yrmSoXCFgSY=,field,,b9b16f79-739c-48bb-8d40-615937a2d40d,2023-05-09 15:56:18.386000+00:00,2022-06-15 17:07:46.599000+00:00,9999-12-31 23:59:59.999000+00:00,True
DHt7WNeqauWHxDZogfeeluunOis=,fhmGtCBS,UVChLFbmg+OYWrVc0O+v0eSVk00=,constant,,RETURN,2023-05-09 15:57:36.181000+00:00,2021-05-11 04:21:16.159000+00:00,9999-12-31 23:59:59.999000+00:00,True
8v/DEkpPRms3MFed+oRl4BfxCds=,v5fs4MLL,AOhwaTbhfkIZOeq7GCpZpmK6mP4=,choice,,0294f436-7520-4f94-8d84-586e0c0cb3d0,2023-05-09 15:55:43.795000+00:00,2022-12-09 22:00:17.983000+00:00,9999-12-31 23:59:59.999000+00:00,True
Qy3q8izt//+FaLsX3jrah9W63Q0=,XsezE0qD,lhMBHc948L7xcRfMa5BGfsLkLDs=,field,,e6cd5661-e3f0-4386-abd8-327d73b250f1,2023-05-09 15:56:18.388000+00:00,2022-06-15 17:07:46.599000+00:00,9999-12-31 23:59:59.999000+00:00,True
ym9eS15p0XjxNY/2aJE5ImcFZbo=,e7hRQtSH,savVNZjOcTx2m8kgYXyKmv+hRFU=,choice,,e1342084-10be-4ac3-95fc-60180699764d,2023-05-09 15:55:47.569000+00:00,2023-03-02 21:15:53.713000+00:00,9999-12-31 23:59:59.999000+00:00,True
JJ9DHNhkAEY9HXshRn3fEtuD3w4=,XsezE0qD,ZcIPlAWa3sa2SouPhufZu1oswn4=,field,,9b5af2da-7b74-4833-bfc4-867e1125376d,2023-05-09 15:56:18.384000+00:00,2022-06-15 17:07:46.599000+00:00,9999-12-31 23:59:59.999000+00:00,True
KMQHTSYLeEWAhtGyP6zfzhQfiE8=,fVpJAWb6,frhm6SAU7ptOavx3mKkxYXKWrKY=,choice,,e3900dd0-5935-439d-af94-366db20656dd,2023-05-09 15:55:47.253000+00:00,2022-11-15 16:44:11.724000+00:00,9999-12-31 23:59:59.999000+00:00,True
AyUrlgUsUsQy773YTvUbFPl/TSw=,v5fs4MLL,K7MAPDmwer730vvfonK2SKrMPCI=,field,,73498bf7-37a2-4155-845e-d15c0538298a,2023-05-09 15:55:43.794000+00:00,2022-12-09 22:00:17.983000+00:00,9999-12-31 23:59:59.999000+00:00,True
bE2nQUB+xVLs8ZksaKozNkMk5sA=,v5fs4MLL,oiZbbiMpzuPXlG90S9f8rWgDWeo=,field,,d08bae21-8441-4544-add0-e3fe4f127523,2023-05-09 15:55:43.806000+00:00,2022-12-09 22:00:17.983000+00:00,9999-12-31 23:59:59.999000+00:00,True
lmv/omrXP3VgUvuRE3R1yQNMaZk=,v5fs4MLL,F6tOZhNrfxv3E6wovzPHHcCB+D4=,choice,,01F6Q3NT10RXWBF7815YH34WT7,2023-05-09 15:55:43.812000+00:00,2022-12-09 22:00:17.983000+00:00,9999-12-31 23:59:59.999000+00:00,True
WTHbRVD67yipZIto4Bd/w+BUQUc=,XsezE0qD,wFae+ASJ00MBYThzUB2aL9ZAIic=,choice,,eca45e83-a973-49d3-a4f3-05f094b9a55f,2023-05-09 15:56:18.383000+00:00,2022-06-15 17:07:46.599000+00:00,9999-12-31 23:59:59.999000+00:00,True
MY2wsUhc3stIANLuINGQuzKHcNM=,CBJ5YM86,/yR90Yj3ZkneE2fOA90UgPxJ2NQ=,field,,01GNZ3ZQK02GBWJ3VBB7ANKBX5,2023-05-09 15:55:41.468000+00:00,2023-01-06 17:09:18.282000+00:00,9999-12-31 23:59:59.999000+00:00,True
QumF2FSI9sqb+woBLvfQy57R/o4=,qd1BXBHF,7cgxMnhVgHHmAne7fvplHuzSaLo=,constant,,true,2023-05-09 15:55:43.385000+00:00,2023-01-05 17:17:58.643000+00:00,9999-12-31 23:59:59.999000+00:00,True
0fNYgggZ/3YrBYri7Wb+hL43b2k=,IVjxs9Xn,au17ZaUZOqiAt2ISKEJCRVXXf/Y=,field,,a017af0d-4670-472a-8bb9-e3575b2710fb,2023-06-02 02:30:19.952000+00:00,2023-06-01 21:37:50.029000+00:00,9999-12-31 23:59:59.999000+00:00,True
OoLw22jPj/lBA//M3vnKKb6SjCY=,QCwykDBd,JQzVsy8wLfXFO4NYKRi0VYSDve4=,choice,,410eb157-86f2-48e8-bb1c-472225c728fd,2023-06-20 20:30:21.727000+00:00,2023-06-20 17:00:22.740000+00:00,2023-07-05 14:50:10.967000+00:00,False
sifC6WHwncbYEigXKl99G6wK9ZM=,QCwykDBd,lExWratz8td5kUv7KxUGbJGDVq8=,field,,f00d24ff-f5d5-43c2-b96a-5d5709442945,2023-06-20 20:30:21.748000+00:00,2023-06-20 17:00:22.740000+00:00,2023-07-05 14:50:10.967000+00:00,False
ym9eS15p0XjxNY/2aJE5ImcFZbo=,QCwykDBd,savVNZjOcTx2m8kgYXyKmv+hRFU=,choice,,e1342084-10be-4ac3-95fc-60180699764d,2023-06-20 20:30:21.738000+00:00,2023-06-20 17:00:22.740000+00:00,2023-07-05 14:50:10.967000+00:00,False
sifC6WHwncbYEigXKl99G6wK9ZM=,QCwykDBd,JQzVsy8wLfXFO4NYKRi0VYSDve4=,field,,f00d24ff-f5d5-43c2-b96a-5d5709442945,2023-06-20 20:30:21.726000+00:00,2023-06-20 17:00:22.740000+00:00,2023-07-05 14:50:10.967000+00:00,False
QumF2FSI9sqb+woBLvfQy57R/o4=,PNWzUBMi,j4RngTs/MaL3K2Zc5OYKXMWGWmA=,constant,,true,2023-07-07 02:30:09.309000+00:00,2023-07-07 00:48:10.360000+00:00,9999-12-31 23:59:59.999000+00:00,True
rRyV/I3HqLHSsZmYHrTeh+mCyZQ=,PNWzUBMi,lLmSlSNFrlMPPtr6jBqaVFpL0cQ=,constant,,,2023-07-07 02:30:09.300000+00:00,2023-07-07 00:48:10.360000+00:00,9999-12-31 23:59:59.999000+00:00,True
49lvJiZKKQj4DmZJJ5TwXwAaczA=,LzxHvwVm,VS0VUT1FG17GLIwG8dEG0GywCVA=,field,,1b67aa41-102f-423e-b2d5-bd689e4bcd34,2023-11-22 20:29:31.181000+00:00,2023-11-22 18:54:28.149000+00:00,9999-12-31 23:59:59.999000+00:00,True
kcGAVM6VEatrRdZFJYns0HBYiKI=,CBJ5YM86,OaDOXvYmKD9iq6FqWkpPxMPlLaE=,choice,,c2bb63de-8ace-4226-a513-d25b5ec07e94,2023-12-01 14:55:41.123000+00:00,2023-11-30 19:03:28.366000+00:00,9999-12-31 23:59:59.999000+00:00,True
QumF2FSI9sqb+woBLvfQy57R/o4=,fiht8i17,1bp5u3scPpr1ehT1LTQeDzr3LC0=,constant,,true,2024-01-29 20:29:29.751000+00:00,2024-01-29 19:43:26.436000+00:00,9999-12-31 23:59:59.999000+00:00,True
GHrG/dBeGpw4H9ZRz4udSxzJpZs=,vQg4oCT0,CCQ5oT/o1xmFv2xxhv3jv7O6ZOU=,choice,,e5e0b264-a818-48b0-b868-c9038b1d8f4b,2024-04-22 00:02:44.420000+00:00,2024-04-17 16:51:26.944000+00:00,2024-04-22 16:53:15.692000+00:00,False
8N1xja369/Nf6KlRCKDs08XAmXk=,wzxbYq72,Xrda0WlYeJLl1ISZ5eoG4n+craQ=,choice,,dd6b67b2-2b46-45ac-855b-6bf91417540d,2024-05-11 00:02:32.476000+00:00,2021-11-08 18:00:33.616000+00:00,9999-12-31 23:59:59.999000+00:00,True
Pufk50CkimbbxOlQEoQ9heU3Yqc=,XsezE0qD,MvYKy4ULVHF2QKJJy9MUWY4uMFc=,choice,,e671e902-c5d1-43e6-8b52-da4a5c3974a5,2024-05-11 00:02:26.314000+00:00,2022-06-15 17:07:46.599000+00:00,9999-12-31 23:59:59.999000+00:00,True
Eh63pDY9/YU3LK7ueOtLY41qWiY=,UKxdVnQv,I+uIxKxuVwxh7oC/6kd8434MERY=,choice,,689b4807-602b-4124-b001-99460a40d0e0,2024-05-11 00:02:26.120000+00:00,2022-07-12 19:11:56.721000+00:00,9999-12-31 23:59:59.999000+00:00,True
hgQ3GMlCIPrQMbinE7+1NS9FYX4=,CBJ5YM86,l7UK1WZXX0JmxnAeGxz024IQysc=,choice,,cbe5ac61-310b-4391-8f33-c806b2c01a00,2024-05-11 00:02:18.220000+00:00,2023-11-30 19:03:28.366000+00:00,9999-12-31 23:59:59.999000+00:00,True
JrLO+urUcrUH7BbQdRyO36OZ5GE=,UKxdVnQv,ZNNxkcSO8xukR2Eqf+C3oBLL6gw=,field,,5b5c66f8-2637-4576-8c7e-e30871a595c3,2024-05-11 00:02:26.123000+00:00,2022-07-12 19:11:56.721000+00:00,9999-12-31 23:59:59.999000+00:00,True
NUp56uNgdeJQcwgsQHHl3u3Bwbo=,LzxHvwVm,AvyHdDUhA3228njUrafW9Qm1w5A=,constant,,8,2024-05-12 00:02:25.513000+00:00,2023-11-22 18:54:28.149000+00:00,9999-12-31 23:59:59.999000+00:00,True
eUnT10Lg8r6yOEEKZV+abvEF6EU=,PNWzUBMi,j4RngTs/MaL3K2Zc5OYKXMWGWmA=,field,,01H4M1ANP1SDPM8SVZPB2HH0N1,2023-07-07 02:30:09.307000+00:00,2023-07-07 00:48:10.360000+00:00,9999-12-31 23:59:59.999000+00:00,True
MY2wsUhc3stIANLuINGQuzKHcNM=,CBJ5YM86,wYNzkPMPwzIj18L63ze5wyEG0vs=,field,,01GNZ3ZQK02GBWJ3VBB7ANKBX5,2023-09-16 02:29:42.411000+00:00,2023-09-15 21:18:07.585000+00:00,9999-12-31 23:59:59.999000+00:00,True
frGRpTBr1hg2+l3N8zCmFyOtDRI=,LzxHvwVm,jc9vzvGDtY5dp/yyjmflmyGnrj0=,constant,,6,2023-11-22 20:29:31.170000+00:00,2023-11-22 18:54:28.149000+00:00,9999-12-31 23:59:59.999000+00:00,True
49lvJiZKKQj4DmZJJ5TwXwAaczA=,LzxHvwVm,AvyHdDUhA3228njUrafW9Qm1w5A=,field,,1b67aa41-102f-423e-b2d5-bd689e4bcd34,2023-11-22 20:29:31.173000+00:00,2023-11-22 18:54:28.149000+00:00,9999-12-31 23:59:59.999000+00:00,True
nuormjLxG4eXRaBMoUbuRKOTkf4=,CBJ5YM86,l7UK1WZXX0JmxnAeGxz024IQysc=,choice,,839ff356-161d-4d45-9c72-2bb443d8f38e,2023-09-15 20:29:48.505000+00:00,2023-01-06 17:09:18.282000+00:00,2023-09-15 21:18:07.584000+00:00,False
zFfVzoK2NQSSlIX+VWGK370sMTw=,fiht8i17,1bp5u3scPpr1ehT1LTQeDzr3LC0=,field,,65a1a17a-3afd-4eb5-8e4b-bc4720ccec51,2024-01-29 20:29:29.749000+00:00,2024-01-29 19:43:26.436000+00:00,9999-12-31 23:59:59.999000+00:00,True
PKbcYgtt09EtTICjzn6goDflbxI=,sGqsMGlv,itsUqhNJ3jPEhttluGKeM237wHs=,field,,56f068da-be17-42b8-bcca-bc8a6c0eb3f1,2024-03-22 00:03:21.140000+00:00,2024-03-21 21:11:22.413000+00:00,9999-12-31 23:59:59.999000+00:00,True
QumF2FSI9sqb+woBLvfQy57R/o4=,sGqsMGlv,FgMb76AdMLRdbt5Crcbxd6bcROY=,constant,,true,2024-03-22 00:03:21.156000+00:00,2024-03-21 21:11:22.413000+00:00,2024-03-22 17:52:17.096000+00:00,False
PKbcYgtt09EtTICjzn6goDflbxI=,vQg4oCT0,itsUqhNJ3jPEhttluGKeM237wHs=,field,,56f068da-be17-42b8-bcca-bc8a6c0eb3f1,2024-04-17 00:01:57.762000+00:00,2024-04-16 16:43:33.304000+00:00,2024-04-17 16:51:26.943000+00:00,False
i3GKM1dIBOi3NUKvabj5kwPozac=,vQg4oCT0,4Bf2iWAvB718vvsZUgAoEa2pZ/g=,constant,,3,2024-04-17 00:01:57.771000+00:00,2024-04-16 16:43:33.304000+00:00,2024-04-17 16:51:26.943000+00:00,False
0p3ceLxEyfQVulw3FaZMOOEut8M=,vQg4oCT0,CCQ5oT/o1xmFv2xxhv3jv7O6ZOU=,field,,0561a1a1-749c-417a-b26b-ee69a7340f08,2024-04-18 00:02:48.133000+00:00,2024-04-17 16:51:26.944000+00:00,2024-04-22 16:53:15.692000+00:00,False
JrLO+urUcrUH7BbQdRyO36OZ5GE=,UKxdVnQv,kEUIqrxjoBt6lDvilick0pn1HxU=,field,,5b5c66f8-2637-4576-8c7e-e30871a595c3,2024-05-11 00:02:26.121000+00:00,2022-07-12 19:11:56.721000+00:00,9999-12-31 23:59:59.999000+00:00,True
4N1ww3+hPtTNBKFyN/yPagDjQE8=,UKxdVnQv,hyYbfdORQsakpwwAhoPG5Im6icU=,field,,a48ac4ac-5609-4dd2-8144-2dfcd6edc0ed,2024-05-11 00:02:26.126000+00:00,2022-07-12 19:11:56.721000+00:00,9999-12-31 23:59:59.999000+00:00,True
QumF2FSI9sqb+woBLvfQy57R/o4=,fvZ2fdz9,RDRf1fPjBI696ukPaLOG4vvieNs=,constant,,true,2024-05-11 00:02:43.161000+00:00,2021-06-04 22:32:02.167000+00:00,9999-12-31 23:59:59.999000+00:00,True
5mW5XuvbbOtQk/KWSsmJL7JEdz8=,vgBnsZ5t,C0rQvlLQgvzE5wUJC4ahJP+Onn8=,field,,1d13db75-8ea5-4d6d-adf8-f70303aa437b,2024-05-11 00:02:39.087000+00:00,2021-04-13 19:03:18.853000+00:00,9999-12-31 23:59:59.999000+00:00,True
5mW5XuvbbOtQk/KWSsmJL7JEdz8=,vgBnsZ5t,NDg9MMDXw0+X+ZaQgSsG3W0AVvk=,field,,1d13db75-8ea5-4d6d-adf8-f70303aa437b,2024-05-11 00:02:39.088000+00:00,2021-04-13 19:03:18.853000+00:00,9999-12-31 23:59:59.999000+00:00,True
rQMjVHQUBBQP4aPwf8U01uvC1eE=,vgBnsZ5t,SBRKFiTdTk+Am1rLayvHaYLqrMI=,choice,,ba685131-a875-467c-b3e1-9e8b06b1e442,2024-05-11 00:02:39.086000+00:00,2021-04-13 19:03:18.853000+00:00,9999-12-31 23:59:59.999000+00:00,True
IlAdk0sdime6nV0AVEkZzto3nuU=,UKxdVnQv,kEUIqrxjoBt6lDvilick0pn1HxU=,choice,,b120d4e8-bce9-493d-ba5d-710624e9ce04,2024-05-11 00:02:26.121000+00:00,2022-07-12 19:11:56.721000+00:00,9999-12-31 23:59:59.999000+00:00,True
5mW5XuvbbOtQk/KWSsmJL7JEdz8=,vgBnsZ5t,9WLDUxFFhoRwhX6dGQUgSkPDL6E=,field,,1d13db75-8ea5-4d6d-adf8-f70303aa437b,2024-05-11 00:02:39.085000+00:00,2021-04-13 19:03:18.853000+00:00,9999-12-31 23:59:59.999000+00:00,True
QYZ5lQnDnCtNhZp98pChYOo6f/0=,fiht8i17,TdJeSu+I+/UbEmFTi1Lu7SVHy90=,field,,1256c8f0-4967-4516-8514-034bb0a0c72e,2024-05-12 00:02:25.389000+00:00,2024-01-29 19:43:26.436000+00:00,9999-12-31 23:59:59.999000+00:00,True
